Date,Mean NDVI,Date
2021-04-01,,2021-04-01
2021-04-02,,2021-04-02
2021-04-03,,2021-04-03
2021-04-04,,2021-04-04
2021-04-05,,2021-04-05
2021-04-06,,2021-04-06
2021-04-07,,2021-04-07
2021-04-08,,2021-04-08
2021-04-09,,2021-04-09
2021-04-10,,2021-04-10
2021-04-11,,2021-04-11
2021-04-12,,2021-04-12
2021-04-13,,2021-04-13
2021-04-14,,2021-04-14
2021-04-15,,2021-04-15
2021-04-16,,2021-04-16
2021-04-17,0.2407562546965048,2021-04-17
2021-04-18,0.2410818958130853,2021-04-18
2021-04-19,0.2414075369296657,2021-04-19
2021-04-20,0.2420588191628266,2021-04-20
2021-04-21,0.2427101013959875,2021-04-21
2021-04-22,0.2380883662108081,2021-04-22
2021-04-23,0.2281936136072883,2021-04-23
2021-04-24,0.2220481706790085,2021-04-24
2021-04-25,0.2385469500668159,2021-04-25
2021-04-26,0.2580121901261678,2021-04-26
2021-04-27,0.271421563763484,2021-04-27
2021-04-28,0.2651531757562576,2021-04-28
2021-04-29,0.2535249128323016,2021-04-29
2021-04-30,0.2365367749916161,2021-04-30
2021-05-01,0.2308543059876857,2021-05-01
2021-05-02,0.24183738073724,2021-05-02
2021-05-03,0.2694859992402789,2021-05-03
2021-05-04,0.2842211808401922,2021-05-04
2021-05-05,0.28604292553698,2021-05-05
2021-05-06,0.2749512333306422,2021-05-06
2021-05-07,0.2683883516048505,2021-05-07
2021-05-08,0.2663542803596048,2021-05-08
2021-05-09,0.2688490195949051,2021-05-09
2021-05-10,0.2713437588302054,2021-05-10
2021-05-11,0.2729656783499665,2021-05-11
2021-05-12,0.2547773675559751,2021-05-12
2021-05-13,0.2468090370715959,2021-05-13
2021-05-14,0.2499335066123683,2021-05-14
2021-05-15,0.2777659068902678,2021-05-15
2021-05-16,0.3002760272819297,2021-05-16
2021-05-17,0.3174638677873541,2021-05-17
2021-05-18,0.3346517082927785,2021-05-18
2021-05-19,0.3518395487982029,2021-05-19
2021-05-20,0.3690273893036273,2021-05-20
2021-05-21,0.3862152298090516,2021-05-21
2021-05-22,0.403403070314476,2021-05-22
2021-05-23,0.4205909108199004,2021-05-23
2021-05-24,0.4377787513253248,2021-05-24
2021-05-25,0.4549665918307491,2021-05-25
2021-05-26,0.4502715366093554,2021-05-26
2021-05-27,0.4236935856611437,2021-05-27
2021-05-28,0.3752327389861138,2021-05-28
2021-05-29,0.3428989566061063,2021-05-29
2021-05-30,0.326692238521121,2021-05-30
2021-05-31,0.3266125847311581,2021-05-31
2021-06-01,0.326532930941195,2021-06-01
2021-06-02,0.3195323489239182,2021-06-02
2021-06-03,0.3221398188313543,2021-06-03
2021-06-04,0.3289075621318699,2021-06-04
2021-06-05,0.3467565070527789,2021-06-05
2021-06-06,0.3591576734420541,2021-06-06
2021-06-07,0.3565034635537421,2021-06-07
2021-06-08,0.3606836817286036,2021-06-08
2021-06-09,0.3627222300712937,2021-06-09
2021-06-10,0.3815737159781565,2021-06-10
2021-06-11,0.395348335108431,2021-06-11
2021-06-12,0.3990202450411118,2021-06-12
2021-06-13,0.3973128860061233,2021-06-13
2021-06-14,0.4064559653504032,2021-06-14
2021-06-15,0.4378497068630556,2021-06-15
2021-06-16,0.456972292869849,2021-06-16
2021-06-17,0.4435236432883411,2021-06-17
2021-06-18,0.4001054746457785,2021-06-18
2021-06-19,0.4153118244006314,2021-06-19
2021-06-20,0.4438635538542908,2021-06-20
2021-06-21,0.4857606630067567,2021-06-21
2021-06-22,0.4783082607251093,2021-06-22
2021-06-23,0.4831476198208012,2021-06-23
2021-06-24,0.5002787402938326,2021-06-24
2021-06-25,0.5297016221442034,2021-06-25
2021-06-26,0.5591245039945741,2021-06-26
2021-06-27,0.5885473858449447,2021-06-27
2021-06-28,0.6179702676953156,2021-06-28
2021-06-29,0.6473931495456863,2021-06-29
2021-06-30,0.6890355971487659,2021-06-30
2021-07-01,0.7054585692679437,2021-07-01
2021-07-02,0.7139599715909543,2021-07-02
2021-07-03,0.7066179527197809,2021-07-03
2021-07-04,0.7208715538910347,2021-07-04
2021-07-05,0.7085765789134196,2021-07-05
2021-07-06,0.6939710494965102,2021-07-06
2021-07-07,0.6770549656403064,2021-07-07
2021-07-08,0.6886746178483701,2021-07-08
2021-07-09,0.7097836460893917,2021-07-09
2021-07-10,0.7403820503633712,2021-07-10
2021-07-11,0.7804698306703085,2021-07-11
2021-07-12,0.820599010631657,2021-07-12
2021-07-13,0.847736732632506,2021-07-13
2021-07-14,0.8618829966728562,2021-07-14
2021-07-15,0.862996403098296,2021-07-15
2021-07-16,0.8641098095237356,2021-07-16
2021-07-17,0.8652232159491753,2021-07-17
2021-07-18,0.866336622374615,2021-07-18
2021-07-19,0.8674500288000546,2021-07-19
2021-07-20,0.8685634352254943,2021-07-20
2021-07-21,0.8752587408148922,2021-07-21
2021-07-22,0.8827041969917148,2021-07-22
2021-07-23,0.888683151733451,2021-07-23
2021-07-24,0.8876137058761427,2021-07-24
2021-07-25,0.8843276079963235,2021-07-25
2021-07-26,0.8734565253730292,2021-07-26
2021-07-27,0.8742022734188692,2021-07-27
2021-07-28,0.8645936514122118,2021-07-28
2021-07-29,0.7259321006505527,2021-07-29
2021-07-30,0.6467741152472007,2021-07-30
2021-07-31,0.6490908959237873,2021-07-31
2021-08-01,0.7747869881202635,2021-08-01
2021-08-02,0.8443825402838501,2021-08-02
2021-08-03,0.8093326732350458,2021-08-03
2021-08-04,0.7981836881976186,2021-08-04
2021-08-05,0.7826571271984301,2021-08-05
2021-08-06,0.8112978694169813,2021-08-06
2021-08-07,0.8399386116355325,2021-08-07
2021-08-08,0.8685793538540838,2021-08-08
2021-08-09,0.8491043648772854,2021-08-09
2021-08-10,0.8606112287609301,2021-08-10
2021-08-11,0.8421075494439753,2021-08-11
2021-08-12,0.8801273412658982,2021-08-12
2021-08-13,0.8587955097389909,2021-08-13
2021-08-14,0.8792506644571282,2021-08-14
2021-08-15,0.878012042160659,2021-08-15
2021-08-16,0.891695654322751,2021-08-16
2021-08-17,0.8767866961320592,2021-08-17
2021-08-18,0.8635466925715134,2021-08-18
2021-08-19,0.853937976385879,2021-08-19
2021-08-20,0.8643587602003454,2021-08-20
2021-08-21,0.8203166065462316,2021-08-21
2021-08-22,0.8009691203157375,2021-08-22
2021-08-23,0.7932866801621868,2021-08-23
2021-08-24,0.8415166800379817,2021-08-24
2021-08-25,0.8588771192103977,2021-08-25
2021-08-26,0.8453679976794349,2021-08-26
2021-08-27,0.8260353140939655,2021-08-27
2021-08-28,0.8129682994061532,2021-08-28
2021-08-29,0.8061669536159983,2021-08-29
2021-08-30,0.8056312767235009,2021-08-30
2021-08-31,0.8050955998310035,2021-08-31
2021-09-01,0.804559922938506,2021-09-01
2021-09-02,0.8040242460460089,2021-09-02
2021-09-03,0.8034885691535113,2021-09-03
2021-09-04,0.8029528922610139,2021-09-04
2021-09-05,0.80120524339216,2021-09-05
2021-09-06,0.7941831943530158,2021-09-06
2021-09-07,0.7819890202702702,2021-09-07
2021-09-08,0.753939533082025,2021-09-08
2021-09-09,0.6962162537365031,2021-09-09
2021-09-10,0.568291482687881,2021-09-10
2021-09-11,0.4924982074066171,2021-09-11
2021-09-12,0.4867173351384226,2021-09-12
2021-09-13,0.5466439448459367,2021-09-13
2021-09-14,0.561840209096956,2021-09-14
2021-09-15,0.5307432000658826,2021-09-15
2021-09-16,0.5033407518058339,2021-09-16
2021-09-17,0.4796328643168099,2021-09-17
2021-09-18,0.4626810167855413,2021-09-18
2021-09-19,0.4472277206154051,2021-09-19
2021-09-20,0.4332729758064015,2021-09-20
2021-09-21,0.4193182309973979,2021-09-21
2021-09-22,0.4123589911994665,2021-09-22
2021-09-23,0.3962954511951647,2021-09-23
2021-09-24,0.3711276109844921,2021-09-24
2021-09-25,0.3403529656442796,2021-09-25
2021-09-26,0.2954857956884203,2021-09-26
2021-09-27,0.2580344442982548,2021-09-27
2021-09-28,0.2409963845322229,2021-09-28
2021-09-29,0.2689571410938742,2021-09-29
2021-09-30,0.3047630715719741,2021-09-30
2021-10-01,0.32492370282018,2021-10-01
2021-10-02,0.3294390348384919,2021-10-02
2021-10-03,0.2951322177172002,2021-10-03
2021-10-04,0.2660583593128974,2021-10-04
2021-10-05,0.2422174596255837,2021-10-05
2021-10-06,0.2624316677948629,2021-10-06
2021-10-07,0.282645875964142,2021-10-07
2021-10-08,0.2972542379163975,2021-10-08
2021-10-09,0.3062567536516296,2021-10-09
2021-10-10,0.3105675718047723,2021-10-10
2021-10-11,0.3157925385928495,2021-10-11
2021-10-12,0.3176356896307161,2021-10-12
2021-10-13,0.3174324688609122,2021-10-13
2021-10-14,0.3151828762834378,2021-10-14
2021-10-15,0.3151828762834378,2021-10-15
2021-10-16,0.3151828762834378,2021-10-16
2021-10-17,0.3151828762834378,2021-10-17
2021-10-18,0.3151828762834378,2021-10-18
2021-10-19,0.3151828762834378,2021-10-19
2021-10-20,0.3151828762834378,2021-10-20
2021-10-21,0.3151828762834378,2021-10-21
2021-10-22,0.3151828762834378,2021-10-22
2021-10-23,0.3151828762834378,2021-10-23
2021-10-24,0.3151828762834378,2021-10-24
2021-10-25,0.3151828762834378,2021-10-25
2021-10-26,0.3151828762834378,2021-10-26
2021-10-27,0.3151828762834378,2021-10-27
2021-10-28,0.3151828762834378,2021-10-28
2021-10-29,0.3151828762834378,2021-10-29
2021-10-30,0.3151828762834378,2021-10-30
2021-10-31,0.3151828762834378,2021-10-31
2021-11-01,0.3151828762834378,2021-11-01
2022-04-01,0.3082446181179892,2022-04-01
2022-04-02,0.3013063599525406,2022-04-02
2022-04-03,0.294368101787092,2022-04-03
2022-04-04,0.2874298436216434,2022-04-04
2022-04-05,0.28049158545619485,2022-04-05
2022-04-06,0.2735533272907463,2022-04-06
2022-04-07,0.26661506912529764,2022-04-07
2022-04-08,0.25967681095984907,2022-04-08
2022-04-09,0.2527385527944005,2022-04-09
2022-04-10,0.2458002946289519,2022-04-10
2022-04-11,0.23886203646350332,2022-04-11
2022-04-12,0.23192377829805472,2022-04-12
2022-04-13,0.22498552013260614,2022-04-13
2022-04-14,0.21804726196715754,2022-04-14
2022-04-15,0.21110900380170897,2022-04-15
2022-04-16,0.20417074563626036,2022-04-16
2022-04-17,0.1972324874708118,2022-04-17
2022-04-18,0.1995525016122445,2022-04-18
2022-04-19,0.2018725157536771,2022-04-19
2022-04-20,0.2065125440365425,2022-04-20
2022-04-21,0.2111525723194078,2022-04-21
2022-04-22,0.2157926006022732,2022-04-22
2022-04-23,0.2204326288851386,2022-04-23
2022-04-24,0.2250726571680039,2022-04-24
2022-04-25,0.2297126854508693,2022-04-25
2022-04-26,0.2343527137337346,2022-04-26
2022-04-27,0.2389927420166,2022-04-27
2022-04-28,0.2436327702994654,2022-04-28
2022-04-29,0.2482727985823307,2022-04-29
2022-04-30,0.252912826865196,2022-04-30
2022-05-01,0.2575528551480614,2022-05-01
2022-05-02,0.2621928834309268,2022-05-02
2022-05-03,0.2668329117137921,2022-05-03
2022-05-04,0.2714729399966575,2022-05-04
2022-05-05,0.2761129682795228,2022-05-05
2022-05-06,0.2807529965623882,2022-05-06
2022-05-07,0.2853930248452536,2022-05-07
2022-05-08,0.2900330531281189,2022-05-08
2022-05-09,0.2946730814109843,2022-05-09
2022-05-10,0.2993131096938496,2022-05-10
2022-05-11,0.3039531379767149,2022-05-11
2022-05-12,0.3085931662595804,2022-05-12
2022-05-13,0.3132331945424456,2022-05-13
2022-05-14,0.3178732228253111,2022-05-14
2022-05-15,0.3225132511081763,2022-05-15
2022-05-16,0.3271532793910418,2022-05-16
2022-05-17,0.3317933076739071,2022-05-17
2022-05-18,0.3364333359567725,2022-05-18
2022-05-19,0.3410733642396378,2022-05-19
2022-05-20,0.3457133925225031,2022-05-20
2022-05-21,0.3503534208053685,2022-05-21
2022-05-22,0.3549934490882339,2022-05-22
2022-05-23,0.3596334773710992,2022-05-23
2022-05-24,0.3642735056539646,2022-05-24
2022-05-25,0.3689135339368299,2022-05-25
2022-05-26,0.3735535622196953,2022-05-26
2022-05-27,0.3695855750176962,2022-05-27
2022-05-28,0.3648361881061919,2022-05-28
2022-05-29,0.3593054014851823,2022-05-29
2022-05-30,0.361601230639532,2022-05-30
2022-05-31,0.3638970597938817,2022-05-31
2022-06-01,0.3661928889482313,2022-06-01
2022-06-02,0.3684887181025809,2022-06-02
2022-06-03,0.3728403395041997,2022-06-03
2022-06-04,0.3792477531530876,2022-06-04
2022-06-05,0.3877109590492447,2022-06-05
2022-06-06,0.3961741649454017,2022-06-06
2022-06-07,0.4046373708415587,2022-06-07
2022-06-08,0.4131005767377158,2022-06-08
2022-06-09,0.4215637826338728,2022-06-09
2022-06-10,0.4300269885300298,2022-06-10
2022-06-11,0.4384901944261868,2022-06-11
2022-06-12,0.4469534003223439,2022-06-12
2022-06-13,0.4554166062185009,2022-06-13
2022-06-14,0.4671821585786209,2022-06-14
2022-06-15,0.482250057402704,2022-06-15
2022-06-16,0.50062030269075,2022-06-16
2022-06-17,0.5189905479787961,2022-06-17
2022-06-18,0.5422566012369536,2022-06-18
2022-06-19,0.5651771960976929,2022-06-19
2022-06-20,0.5816892569015739,2022-06-20
2022-06-21,0.5868969756784851,2022-06-21
2022-06-22,0.5947713090370635,2022-06-22
2022-06-23,0.6113753326367498,2022-06-23
2022-06-24,0.6367090464775438,2022-06-24
2022-06-25,0.6620427603183376,2022-06-25
2022-06-26,0.6780693661598939,2022-06-26
2022-06-27,0.6887656834976582,2022-06-27
2022-06-28,0.6941317123316305,2022-06-28
2022-06-29,0.7051522045411053,2022-06-29
2022-06-30,0.7178503406306372,2022-06-30
2022-07-01,0.732226120600226,2022-07-01
2022-07-02,0.7466019005698148,2022-07-02
2022-07-03,0.7609776805394036,2022-07-03
2022-07-04,0.7725962040206779,2022-07-04
2022-07-05,0.7814574710136378,2022-07-05
2022-07-06,0.7875614815182829,2022-07-06
2022-07-07,0.7936654920229284,2022-07-07
2022-07-08,0.7997695025275734,2022-07-08
2022-07-09,0.802780091528799,2022-07-09
2022-07-10,0.8039758679218626,2022-07-10
2022-07-11,0.8033568317067642,2022-07-11
2022-07-12,0.8083526093806928,2022-07-12
2022-07-13,0.8092125921446492,2022-07-13
2022-07-14,0.8111357292171251,2022-07-14
2022-07-15,0.8097858156043509,2022-07-15
2022-07-16,0.8136348512100681,2022-07-16
2022-07-17,0.8174838868157851,2022-07-17
2022-07-18,0.8175884880924409,2022-07-18
2022-07-19,0.8139486550400354,2022-07-19
2022-07-20,0.8065643876585685,2022-07-20
2022-07-21,0.7996023960110156,2022-07-21
2022-07-22,0.7930626800973767,2022-07-22
2022-07-23,0.7869452399176521,2022-07-23
2022-07-24,0.7808277997379273,2022-07-24
2022-07-25,0.7747103595582026,2022-07-25
2022-07-26,0.7905162332167875,2022-07-26
2022-07-27,0.7947458166661864,2022-07-27
2022-07-28,0.8025972924813858,2022-07-28
2022-07-29,0.7884579988046668,2022-07-29
2022-07-30,0.7867692381040906,2022-07-30
2022-07-31,0.7823328278046704,2022-07-31
2022-08-01,0.7668065773182006,2022-08-01
2022-08-02,0.7531423237583393,2022-08-02
2022-08-03,0.7413400671250869,2022-08-03
2022-08-04,0.7470513340273293,2022-08-04
2022-08-05,0.7296326945051669,2022-08-05
2022-08-06,0.7098129102649295,2022-08-06
2022-08-07,0.7060312049756559,2022-08-07
2022-08-08,0.7257545200301405,2022-08-08
2022-08-09,0.735086219678433,2022-08-09
2022-08-10,0.7253917246869886,2022-08-10
2022-08-11,0.7078724838957609,2022-08-11
2022-08-12,0.7015485996003038,2022-08-12
2022-08-13,0.6929954393638527,2022-08-13
2022-08-14,0.6902945073793347,2022-08-14
2022-08-15,0.6875935753948169,2022-08-15
2022-08-16,0.6848926434102992,2022-08-16
2022-08-17,0.6825695663169129,2022-08-17
2022-08-18,0.6806243441146584,2022-08-18
2022-08-19,0.6790569768035355,2022-08-19
2022-08-20,0.6774896094924125,2022-08-20
2022-08-21,0.6710909249892484,2022-08-21
2022-08-22,0.6598609232940431,2022-08-22
2022-08-23,0.6500930470768332,2022-08-23
2022-08-24,0.6466186135296602,2022-08-24
2022-08-25,0.6494376226525239,2022-08-25
2022-08-26,0.6522566317753875,2022-08-26
2022-08-27,0.6550756408982511,2022-08-27
2022-08-28,0.6547427227462986,2022-08-28
2022-08-29,0.6512578773195301,2022-08-29
2022-08-30,0.6383089632601352,2022-08-30
2022-08-31,0.6253197256740887,2022-08-31
2022-09-01,0.6122901645613905,2022-09-01
2022-09-02,0.6055324212798506,2022-09-02
2022-09-03,0.5982608064032553,2022-09-03
2022-09-04,0.5904753199316045,2022-09-04
2022-09-05,0.582175961864898,2022-09-05
2022-09-06,0.5811773346330016,2022-09-06
2022-09-07,0.5771108646524225,2022-09-07
2022-09-08,0.5699765519231605,2022-09-08
2022-09-09,0.5524736656104059,2022-09-09
2022-09-10,0.5349707792976512,2022-09-10
2022-09-11,0.5281689577653538,2022-09-11
2022-09-12,0.5222035030492349,2022-09-12
2022-09-13,0.51579997607327,2022-09-13
2022-09-14,0.4982573120570019,2022-09-14
2022-09-15,0.4794402089647092,2022-09-15
2022-09-16,0.4657148244292086,2022-09-16
2022-09-17,0.4570811584505002,2022-09-17
2022-09-18,0.4535392110285837,2022-09-18
2022-09-19,0.4394081707367983,2022-09-19
2022-09-20,0.4291549526334122,2022-09-20
2022-09-21,0.4227795567184254,2022-09-21
2022-09-22,0.4308710758617068,2022-09-22
2022-09-23,0.4389625950049883,2022-09-23
2022-09-24,0.4388137802129014,2022-09-24
2022-09-25,0.4304246314854464,2022-09-25
2022-09-26,0.4151500944813577,2022-09-26
2022-09-27,0.4039241043902066,2022-09-27
2022-09-28,0.3947282954747018,2022-09-28
2022-09-29,0.3862077220761087,2022-09-29
2022-09-30,0.3756687829402242,2022-09-30
2022-10-01,0.3552102212075356,2022-10-01
2022-10-02,0.3307651586487107,2022-10-02
2022-10-03,0.3110764716922805,2022-10-03
2022-10-04,0.306063782935049,2022-10-04
2022-10-05,0.3097939706063485,2022-10-05
2022-10-06,0.3129561922403217,2022-10-06
2022-10-07,0.3155504478369684,2022-10-07
2022-10-08,0.3175767373962888,2022-10-08
2022-10-09,0.3096531805817766,2022-10-09
2022-10-10,0.2955519085405488,2022-10-10
2022-10-11,0.2826435228599463,2022-10-11
2022-10-12,0.2811518246115486,2022-10-12
2022-10-13,0.2851624117367597,2022-10-13
2022-10-14,0.2873046826482388,2022-10-14
2022-10-15,0.2873046826482388,2022-10-15
2022-10-16,0.2873046826482388,2022-10-16
2022-10-17,0.2873046826482388,2022-10-17
2022-10-18,0.2873046826482388,2022-10-18
2022-10-19,0.2873046826482388,2022-10-19
2022-10-20,0.2873046826482388,2022-10-20
2022-10-21,0.2873046826482388,2022-10-21
2022-10-22,0.2873046826482388,2022-10-22
2022-10-23,0.2873046826482388,2022-10-23
2022-10-24,0.2873046826482388,2022-10-24
2022-10-25,0.2873046826482388,2022-10-25
2022-10-26,0.2873046826482388,2022-10-26
2022-10-27,0.2873046826482388,2022-10-27
2022-10-28,0.2873046826482388,2022-10-28
2022-10-29,0.2873046826482388,2022-10-29
2022-10-30,0.2873046826482388,2022-10-30
2022-10-31,0.2873046826482388,2022-10-31
2022-11-01,0.2873046826482388,2022-11-01
2023-04-01,0.28620140087812995,2023-04-01
2023-04-02,0.2850981191080212,2023-04-02
2023-04-03,0.28399483733791236,2023-04-03
2023-04-04,0.28289155556780354,2023-04-04
2023-04-05,0.2817882737976948,2023-04-05
2023-04-06,0.28068499202758596,2023-04-06
2023-04-07,0.27958171025747713,2023-04-07
2023-04-08,0.27847842848736837,2023-04-08
2023-04-09,0.27737514671725955,2023-04-09
2023-04-10,0.2762718649471507,2023-04-10
2023-04-11,0.27516858317704196,2023-04-11
2023-04-12,0.27406530140693314,2023-04-12
2023-04-13,0.2729620196368243,2023-04-13
2023-04-14,0.2718587378667155,2023-04-14
2023-04-15,0.27075545609660673,2023-04-15
2023-04-16,0.2696521743264979,2023-04-16
2023-04-17,0.2685488925563891,2023-04-17
2023-04-18,0.2674456107862803,2023-04-18
2023-04-19,0.2663423290161715,2023-04-19
2023-04-20,0.2652390472460627,2023-04-20
2023-04-21,0.2641357654759539,2023-04-21
2023-04-22,0.2630324837058451,2023-04-22
2023-04-23,0.26192920193573627,2023-04-23
2023-04-24,0.2608259201656275,2023-04-24
2023-04-25,0.2597226383955187,2023-04-25
2023-04-26,0.2610634226109151,2023-04-26
2023-04-27,0.2624042068263116,2023-04-27
2023-04-28,0.2650857752571045,2023-04-28
2023-04-29,0.2677673436878974,2023-04-29
2023-04-30,0.2704489121186904,2023-04-30
2023-05-01,0.2731304805494833,2023-05-01
2023-05-02,0.2758120489802762,2023-05-02
2023-05-03,0.2784936174110691,2023-05-03
2023-05-04,0.2811751858418621,2023-05-04
2023-05-05,0.283856754272655,2023-05-05
2023-05-06,0.2865383227034479,2023-05-06
2023-05-07,0.2892198911342408,2023-05-07
2023-05-08,0.2919014595650337,2023-05-08
2023-05-09,0.2945830279958267,2023-05-09
2023-05-10,0.2972645964266196,2023-05-10
2023-05-11,0.2999461648574125,2023-05-11
2023-05-12,0.3026277332882054,2023-05-12
2023-05-13,0.3053093017189984,2023-05-13
2023-05-14,0.3079908701497913,2023-05-14
2023-05-15,0.3106724385805842,2023-05-15
2023-05-16,0.3133540070113771,2023-05-16
2023-05-17,0.3160355754421701,2023-05-17
2023-05-18,0.318717143872963,2023-05-18
2023-05-19,0.3213987123037559,2023-05-19
2023-05-20,0.323008631800746,2023-05-20
2023-05-21,0.3235469023639333,2023-05-21
2023-05-22,0.3232968183314288,2023-05-22
2023-05-23,0.3233300286370354,2023-05-23
2023-05-24,0.324404874342403,2023-05-24
2023-05-25,0.3262380611094205,2023-05-25
2023-05-26,0.3288295889380879,2023-05-26
2023-05-27,0.3263143442730414,2023-05-27
2023-05-28,0.3247484313285597,2023-05-28
2023-05-29,0.3241318501046428,2023-05-29
2023-05-30,0.3295713730950044,2023-05-30
2023-05-31,0.3350108960853661,2023-05-31
2023-06-01,0.3404504190757278,2023-06-01
2023-06-02,0.3429322745671611,2023-06-02
2023-06-03,0.3457404821333328,2023-06-03
2023-06-04,0.3488750417742432,2023-06-04
2023-06-05,0.3552936209888204,2023-06-05
2023-06-06,0.3617122002033976,2023-06-06
2023-06-07,0.3691059155271924,2023-06-07
2023-06-08,0.3774747669602047,2023-06-08
2023-06-09,0.3868187545024344,2023-06-09
2023-06-10,0.3961627420446641,2023-06-10
2023-06-11,0.4055067295868939,2023-06-11
2023-06-12,0.4151767296075947,2023-06-12
2023-06-13,0.4190296522826824,2023-06-13
2023-06-14,0.4155684705126772,2023-06-14
2023-06-15,0.4151879416147608,2023-06-15
2023-06-16,0.4240311554130176,2023-06-16
2023-06-17,0.4435951390069277,2023-06-17
2023-06-18,0.4613439544208058,2023-06-18
2023-06-19,0.4772776016546518,2023-06-19
2023-06-20,0.4837771823430848,2023-06-20
2023-06-21,0.4826578646661367,2023-06-21
2023-06-22,0.476975320190365,2023-06-22
2023-06-23,0.4767031256037747,2023-06-23
2023-06-24,0.4818412809063659,2023-06-24
2023-06-25,0.4893341145315812,2023-06-25
2023-06-26,0.4459951697590283,2023-06-26
2023-06-27,0.4113847860239605,2023-06-27
2023-06-28,0.3855029633263778,2023-06-28
2023-06-29,0.4191814800640484,2023-06-29
2023-06-30,0.452859996801719,2023-06-30
2023-07-01,0.4865385135393896,2023-07-01
2023-07-02,0.5202170302770601,2023-07-02
2023-07-03,0.5398834126089554,2023-07-03
2023-07-04,0.5549232470780753,2023-07-04
2023-07-05,0.5653365336844196,2023-07-05
2023-07-06,0.5833674142605381,2023-07-06
2023-07-07,0.5996303022634307,2023-07-07
2023-07-08,0.6141251976930975,2023-07-08
2023-07-09,0.6431602015762315,2023-07-09
2023-07-10,0.6766726964355211,2023-07-10
2023-07-11,0.7081234479395526,2023-07-11
2023-07-12,0.7229723476348592,2023-07-12
2023-07-13,0.7312820129987525,2023-07-13
2023-07-14,0.7395916783626458,2023-07-14
2023-07-15,0.747901343726539,2023-07-15
2023-07-16,0.7562110090904324,2023-07-16
2023-07-17,0.7645206744543257,2023-07-17
2023-07-18,0.7728303398182189,2023-07-18
2023-07-19,0.7811400051821122,2023-07-19
2023-07-20,0.7805550480972702,2023-07-20
2023-07-21,0.7888124778151612,2023-07-21
2023-07-22,0.7909345411411248,2023-07-22
2023-07-23,0.8155726256295655,2023-07-23
2023-07-24,0.8262329605737387,2023-07-24
2023-07-25,0.8378932991683049,2023-07-25
2023-07-26,0.8307968763075954,2023-07-26
2023-07-27,0.8237004534468859,2023-07-27
2023-07-28,0.8166040305861765,2023-07-28
2023-07-29,0.8095076077254669,2023-07-29
2023-07-30,0.8056575158899112,2023-07-30
2023-07-31,0.8050537550795093,2023-07-31
2023-08-01,0.8076963252942613,2023-08-01
2023-08-02,0.8103388955090133,2023-08-02
2023-08-03,0.8129814657237651,2023-08-03
2023-08-04,0.8156240359385171,2023-08-04
2023-08-05,0.818266606153269,2023-08-05
2023-08-06,0.820909176368021,2023-08-06
2023-08-07,0.823551746582773,2023-08-07
2023-08-08,0.8261943167975249,2023-08-08
2023-08-09,0.8288368870122768,2023-08-09
2023-08-10,0.8365482913521224,2023-08-10
2023-08-11,0.8493285298170616,2023-08-11
2023-08-12,0.8599317797041902,2023-08-12
2023-08-13,0.8623734207840653,2023-08-13
2023-08-14,0.8566534530566873,2023-08-14
2023-08-15,0.8444459689756393,2023-08-15
2023-08-16,0.8463978648627948,2023-08-16
2023-08-17,0.8346454112947965,2023-08-17
2023-08-18,0.8275895811942457,2023-08-18
2023-08-19,0.8054992643436175,2023-08-19
2023-08-20,0.7962381901662692,2023-08-20
2023-08-21,0.798567609069721,2023-08-21
2023-08-22,0.7954273993013307,2023-08-22
2023-08-23,0.7868175608610981,2023-08-23
2023-08-24,0.7578445001510458,2023-08-24
2023-08-25,0.7255683389238157,2023-08-25
2023-08-26,0.6899890771794079,2023-08-26
2023-08-27,0.6544098154350002,2023-08-27
2023-08-28,0.6873865968956583,2023-08-28
2023-08-29,0.7165879759176147,2023-08-29
2023-08-30,0.7508698417994791,2023-08-30
2023-08-31,0.7119657518035778,2023-08-31
2023-09-01,0.6775178265978115,2023-09-01
2023-09-02,0.6386701768835702,2023-09-02
2023-09-03,0.6096743940991198,2023-09-03
2023-09-04,0.5852198032203274,2023-09-04
2023-09-05,0.5653064042471929,2023-09-05
2023-09-06,0.5453930052740584,2023-09-06
2023-09-07,0.5350791367979794,2023-09-07
2023-09-08,0.5231843973595883,2023-09-08
2023-09-09,0.5097087869588856,2023-09-09
2023-09-10,0.4850527750988159,2023-09-10
2023-09-11,0.4603967632387462,2023-09-11
2023-09-12,0.4440539343074238,2023-09-12
2023-09-13,0.4178140111618971,2023-09-13
2023-09-14,0.4104195555064285,2023-09-14
2023-09-15,0.4135573844122704,2023-09-15
2023-09-16,0.4287238367969075,2023-09-16
2023-09-17,0.4271763509560775,2023-09-17
2023-09-18,0.4116541939678448,2023-09-18
2023-09-19,0.3988713040576767,2023-09-19
2023-09-20,0.388827681225573,2023-09-20
2023-09-21,0.3787840583934693,2023-09-21
2023-09-22,0.3687404355613656,2023-09-22
2023-09-23,0.3586968127292619,2023-09-23
2023-09-24,0.3567438135971486,2023-09-24
2023-09-25,0.35073497470167,2023-09-25
2023-09-26,0.3395863875086635,2023-09-26
2023-09-27,0.3186083026960784,2023-09-27
2023-09-28,0.309871465362565,2023-09-28
2023-09-29,0.3144597840422856,2023-09-29
2023-09-30,0.3214722973490493,2023-09-30
2023-10-01,0.3209847236475618,2023-10-01
2023-10-02,0.3202339338131789,2023-10-02
2023-10-03,0.3267200148541522,2023-10-03
2023-10-04,0.3280395807004442,2023-10-04
2023-10-05,0.3230232248203511,2023-10-05
2023-10-06,0.3116709472138728,2023-10-06
2023-10-07,0.3063861339510466,2023-10-07
2023-10-08,0.3114621058472305,2023-10-08
2023-10-09,0.3159907289958846,2023-10-09
2023-10-10,0.3199720033970091,2023-10-10
2023-10-11,0.3153540970600656,2023-10-11
2023-10-12,0.3130451438915938,2023-10-12
2023-10-13,0.3130451438915938,2023-10-13
2023-10-14,0.3130451438915938,2023-10-14
2023-10-15,0.3130451438915938,2023-10-15
2023-10-16,0.3130451438915938,2023-10-16
2023-10-17,0.3130451438915938,2023-10-17
2023-10-18,0.3130451438915938,2023-10-18
2023-10-19,0.3130451438915938,2023-10-19
2023-10-20,0.3130451438915938,2023-10-20
2023-10-21,0.3130451438915938,2023-10-21
2023-10-22,0.3130451438915938,2023-10-22
2023-10-23,0.3130451438915938,2023-10-23
2023-10-24,0.3130451438915938,2023-10-24
2023-10-25,0.3130451438915938,2023-10-25
2023-10-26,0.3130451438915938,2023-10-26
2023-10-27,0.3130451438915938,2023-10-27
2023-10-28,0.3130451438915938,2023-10-28
2023-10-29,0.3130451438915938,2023-10-29
2023-10-30,0.3130451438915938,2023-10-30
2023-10-31,0.3130451438915938,2023-10-31
2023-11-01,0.3130451438915938,2023-11-01
