Latitude,Longitude,Date,MODIS_Tile,MYD13A1_061_Line_Y_500m,MYD13A1_061_Sample_X_500m,MYD13A1_061__500m_16_days_EVI,MYD13A1_061__500m_16_days_MIR_reflectance,MYD13A1_061__500m_16_days_NDVI,MYD13A1_061__500m_16_days_NIR_reflectance,MYD13A1_061__500m_16_days_blue_reflectance,MYD13A1_061__500m_16_days_composite_day_of_the_year,MYD13A1_061__500m_16_days_red_reflectance,MYD13A1_061__500m_16_days_relative_azimuth_angle,MYD13A1_061__500m_16_days_sun_zenith_angle,MYD13A1_061__500m_16_days_view_zenith_angle,MYD13A1_061__500m_16_days_VI_Quality,MYD13A1_061__500m_16_days_pixel_reliability,MYD13A1_061__500m_16_days_VI_Quality_bitmask,MYD13A1_061__500m_16_days_VI_Quality_MODLAND,MYD13A1_061__500m_16_days_VI_Quality_MODLAND_Description,MYD13A1_061__500m_16_days_VI_Quality_VI_Usefulness,MYD13A1_061__500m_16_days_VI_Quality_VI_Usefulness_Description,MYD13A1_061__500m_16_days_VI_Quality_Aerosol_Quantity,MYD13A1_061__500m_16_days_VI_Quality_Aerosol_Quantity_Description,MYD13A1_061__500m_16_days_VI_Quality_Adjacent_cloud_detected,MYD13A1_061__500m_16_days_VI_Quality_Adjacent_cloud_detected_Description,MYD13A1_061__500m_16_days_VI_Quality_Atmosphere_BRDF_Correction,MYD13A1_061__500m_16_days_VI_Quality_Atmosphere_BRDF_Correction_Description,MYD13A1_061__500m_16_days_VI_Quality_Mixed_Clouds,MYD13A1_061__500m_16_days_VI_Quality_Mixed_Clouds_Description,MYD13A1_061__500m_16_days_VI_Quality_Land/Water_Mask,MYD13A1_061__500m_16_days_VI_Quality_Land/Water_Mask_Description,MYD13A1_061__500m_16_days_VI_Quality_Possible_snow/ice,MYD13A1_061__500m_16_days_VI_Quality_Possible_snow/ice_Description,MYD13A1_061__500m_16_days_VI_Quality_Possible_shadow,MYD13A1_061__500m_16_days_VI_Quality_Possible_shadow_Description,MYD13A1_061__500m_16_days_pixel_reliability_bitmask,MYD13A1_061__500m_16_days_pixel_reliability_MODLAND,MYD13A1_061__500m_16_days_pixel_reliability_MODLAND_Description
40.1547789,-88.580707,2016-03-29,h11v04,2362.0,551.0,0.1567,0.2803,0.2784,0.2057,0.0631,93.0,0.1161,-124.6999969,36.9399986,18.3799992,2116.0,0.0,0b0000100001000100,0b00,VI produced with good quality,0b0001,Lower quality,0b01,Low,0b0,No,0b0,No,0b0,No,0b001,Land (Nothing else but land),0b0,No,0b0,No,0b00000000000000000000000000000000,0b00000000000000000000000000000000,"Good data, use with confidence"
40.1547789,-88.580707,2016-04-14,h11v04,2362.0,551.0,0.1721,0.4246,0.261,0.2662,0.0803,105.0,0.156,45.0099983,35.4699974,25.8999996,2116.0,0.0,0b0000100001000100,0b00,VI produced with good quality,0b0001,Lower quality,0b01,Low,0b0,No,0b0,No,0b0,No,0b001,Land (Nothing else but land),0b0,No,0b0,No,0b00000000000000000000000000000000,0b00000000000000000000000000000000,"Good data, use with confidence"
40.1547789,-88.580707,2016-04-30,h11v04,2362.0,551.0,0.1515,0.2886,0.3156,0.1684,0.0481,134.0,0.0876,-136.3799896,24.5799999,28.5799999,2116.0,0.0,0b0000100001000100,0b00,VI produced with good quality,0b0001,Lower quality,0b01,Low,0b0,No,0b0,No,0b0,No,0b001,Land (Nothing else but land),0b0,No,0b0,No,0b00000000000000000000000000000000,0b00000000000000000000000000000000,"Good data, use with confidence"
40.1547789,-88.580707,2016-05-16,h11v04,2362.0,551.0,0.1837,0.2998,0.3395,0.202,0.0542,143.0,0.0996,-136.0699921,22.1399994,37.3099976,2185.0,1.0,0b0000100010001001,0b01,"VI produced, but check other QA",0b0010,Decreasing quality (0010),0b10,Average,0b0,No,0b0,No,0b0,No,0b001,Land (Nothing else but land),0b0,No,0b0,No,0b00000000000000000000000000000001,0b00000000000000000000000000000001,"Marginal data, Useful, but look at other QA information"
40.1547789,-88.580707,2016-06-01,h11v04,2362.0,551.0,0.6747,0.1366,0.8385,0.4555,0.0208,167.0,0.04,26.4699993,25.8299999,41.8099976,2120.0,0.0,0b0000100001001000,0b00,VI produced with good quality,0b0010,Decreasing quality (0010),0b01,Low,0b0,No,0b0,No,0b0,No,0b001,Land (Nothing else but land),0b0,No,0b0,No,0b00000000000000000000000000000000,0b00000000000000000000000000000000,"Good data, use with confidence"
40.1547789,-88.580707,2016-06-17,h11v04,2362.0,551.0,0.6299,0.0794,0.8793,0.3833,0.0143,173.0,0.0246,-140.1199951,20.3500004,19.3899994,2116.0,0.0,0b0000100001000100,0b00,VI produced with good quality,0b0001,Lower quality,0b01,Low,0b0,No,0b0,No,0b0,No,0b001,Land (Nothing else but land),0b0,No,0b0,No,0b00000000000000000000000000000000,0b00000000000000000000000000000000,"Good data, use with confidence"
40.1547789,-88.580707,2016-07-03,h11v04,2362.0,551.0,0.772,0.0572,0.9299,0.4935,0.0081,200.0,0.0179,-127.5499954,20.5,44.7299995,2189.0,1.0,0b0000100010001101,0b01,"VI produced, but check other QA",0b0011,Decreasing quality (0011),0b10,Average,0b0,No,0b0,No,0b0,No,0b001,Land (Nothing else but land),0b0,No,0b0,No,0b00000000000000000000000000000001,0b00000000000000000000000000000001,"Marginal data, Useful, but look at other QA information"
40.1547789,-88.580707,2016-07-19,h11v04,2362.0,551.0,0.7888,0.06,0.9119,0.521,0.012,208.0,0.024,37.3400002,27.1999989,33.7999992,2116.0,0.0,0b0000100001000100,0b00,VI produced with good quality,0b0001,Lower quality,0b01,Low,0b0,No,0b0,No,0b0,No,0b001,Land (Nothing else but land),0b0,No,0b0,No,0b00000000000000000000000000000000,0b00000000000000000000000000000000,"Good data, use with confidence"
40.1547789,-88.580707,2016-08-04,h11v04,2362.0,551.0,0.6781,0.0523,0.8884,0.425,0.0135,223.0,0.0251,-125.6399994,26.3199997,37.5900002,2185.0,1.0,0b0000100010001001,0b01,"VI produced, but check other QA",0b0010,Decreasing quality (0010),0b10,Average,0b0,No,0b0,No,0b0,No,0b001,Land (Nothing else but land),0b0,No,0b0,No,0b00000000000000000000000000000001,0b00000000000000000000000000000001,"Marginal data, Useful, but look at other QA information"
40.1547789,-88.580707,2016-08-20,h11v04,2362.0,551.0,0.5765,0.0782,0.8011,0.3804,0.022,242.0,0.042,45.7799988,35.2799988,14.1099997,2116.0,0.0,0b0000100001000100,0b00,VI produced with good quality,0b0001,Lower quality,0b01,Low,0b0,No,0b0,No,0b0,No,0b001,Land (Nothing else but land),0b0,No,0b0,No,0b00000000000000000000000000000000,0b00000000000000000000000000000000,"Good data, use with confidence"
40.1547789,-88.580707,2016-09-05,h11v04,2362.0,551.0,0.2995,0.165,0.4923,0.2784,0.0418,256.0,0.0947,46.9399986,41.7900009,33.8099976,2116.0,0.0,0b0000100001000100,0b00,VI produced with good quality,0b0001,Lower quality,0b01,Low,0b0,No,0b0,No,0b0,No,0b001,Land (Nothing else but land),0b0,No,0b0,No,0b00000000000000000000000000000000,0b00000000000000000000000000000000,"Good data, use with confidence"
40.1547789,-88.580707,2016-09-21,h11v04,2362.0,551.0,0.163,0.1606,0.2839,0.2148,0.0636,265.0,0.1198,49.2599983,44.6199989,24.5100002,2116.0,0.0,0b0000100001000100,0b00,VI produced with good quality,0b0001,Lower quality,0b01,Low,0b0,No,0b0,No,0b0,No,0b001,Land (Nothing else but land),0b0,No,0b0,No,0b00000000000000000000000000000000,0b00000000000000000000000000000000,"Good data, use with confidence"
40.1547789,-88.580707,2016-10-07,h11v04,2362.0,551.0,0.1395,0.2259,0.2911,0.1694,0.0478,283.0,0.093,57.0299988,50.4599991,2.98,2116.0,0.0,0b0000100001000100,0b00,VI produced with good quality,0b0001,Lower quality,0b01,Low,0b0,No,0b0,No,0b0,No,0b001,Land (Nothing else but land),0b0,No,0b0,No,0b00000000000000000000000000000000,0b00000000000000000000000000000000,"Good data, use with confidence"
40.1547789,-88.580707,2016-10-23,h11v04,2362.0,551.0,0.1617,0.2976,0.2822,0.2165,0.0628,311.0,0.1212,53.3400002,61.9499969,41.8999977,2124.0,0.0,0b0000100001001100,0b00,VI produced with good quality,0b0011,Decreasing quality (0011),0b01,Low,0b0,No,0b0,No,0b0,No,0b001,Land (Nothing else but land),0b0,No,0b0,No,0b00000000000000000000000000000000,0b00000000000000000000000000000000,"Good data, use with confidence"
40.1547789,-88.580707,2016-11-08,h11v04,2362.0,551.0,0.1217,0.2022,0.2664,0.1616,0.0436,326.0,0.0936,-120.2099991,62.1299973,29.039999,2120.0,0.0,0b0000100001001000,0b00,VI produced with good quality,0b0010,Decreasing quality (0010),0b01,Low,0b0,No,0b0,No,0b0,No,0b001,Land (Nothing else but land),0b0,No,0b0,No,0b00000000000000000000000000000000,0b00000000000000000000000000000000,"Good data, use with confidence"
40.1547789,-88.580707,2016-11-24,h11v04,2362.0,551.0,0.1117,0.1209,0.2486,0.1582,0.0427,342.0,0.0952,-118.1199951,64.3399963,29.039999,2189.0,1.0,0b0000100010001101,0b01,"VI produced, but check other QA",0b0011,Decreasing quality (0011),0b10,Average,0b0,No,0b0,No,0b0,No,0b001,Land (Nothing else but land),0b0,No,0b0,No,0b00000000000000000000000000000001,0b00000000000000000000000000000001,"Marginal data, Useful, but look at other QA information"
40.1547789,-88.580707,2016-12-10,h11v04,2362.0,551.0,0.1068,0.1594,0.2631,0.1392,0.0359,347.0,0.0812,57.9199982,65.659996,2.98,2120.0,0.0,0b0000100001001000,0b00,VI produced with good quality,0b0010,Decreasing quality (0010),0b01,Low,0b0,No,0b0,No,0b0,No,0b001,Land (Nothing else but land),0b0,No,0b0,No,0b00000000000000000000000000000000,0b00000000000000000000000000000000,"Good data, use with confidence"
40.1547789,-88.580707,2016-12-26,h11v04,2362.0,551.0,0.0991,0.1732,0.2439,0.1369,0.0376,1.0,0.0832,-115.0799942,63.7999992,37.5,2120.0,0.0,0b0000100001001000,0b00,VI produced with good quality,0b0010,Decreasing quality (0010),0b01,Low,0b0,No,0b0,No,0b0,No,0b001,Land (Nothing else but land),0b0,No,0b0,No,0b00000000000000000000000000000000,0b00000000000000000000000000000000,"Good data, use with confidence"
40.1547789,-88.580707,2017-01-09,h11v04,2362.0,551.0,0.0908,0.1416,0.2284,0.1288,0.0394,21.0,0.0809,-110.6100006,59.9300003,59.8400002,2120.0,1.0,0b0000100001001000,0b00,VI produced with good quality,0b0010,Decreasing quality (0010),0b01,Low,0b0,No,0b0,No,0b0,No,0b001,Land (Nothing else but land),0b0,No,0b0,No,0b00000000000000000000000000000001,0b00000000000000000000000000000001,"Marginal data, Useful, but look at other QA information"
40.1547789,-88.580707,2017-01-25,h11v04,2362.0,551.0,0.1349,0.2323,0.233,0.2217,0.0649,30.0,0.1379,59.0099983,62.0200005,58.8199997,2454.0,3.0,0b0000100110010110,0b10,"Pixel produced, but most probably cloudy",0b0101,Decreasing quality (0101),0b10,Average,0b1,Yes,0b0,No,0b0,No,0b001,Land (Nothing else but land),0b0,No,0b0,No,0b00000000000000000000000000000011,0b00000000000000000000000000000011,"Cloudy data, Target not visible, covered with cloud"
40.1547789,-88.580707,2017-02-10,h11v04,2362.0,551.0,0.1411,0.3,0.2471,0.2117,0.0656,50.0,0.1278,59.0900002,53.9499969,33.9899979,2116.0,0.0,0b0000100001000100,0b00,VI produced with good quality,0b0001,Lower quality,0b01,Low,0b0,No,0b0,No,0b0,No,0b001,Land (Nothing else but land),0b0,No,0b0,No,0b00000000000000000000000000000000,0b00000000000000000000000000000000,"Good data, use with confidence"
40.1547789,-88.580707,2017-02-26,h11v04,2362.0,551.0,0.1405,0.1925,0.2765,0.1865,0.0512,66.0,0.1057,56.6899986,48.4799995,34.079998,2116.0,0.0,0b0000100001000100,0b00,VI produced with good quality,0b0001,Lower quality,0b01,Low,0b0,No,0b0,No,0b0,No,0b001,Land (Nothing else but land),0b0,No,0b0,No,0b00000000000000000000000000000000,0b00000000000000000000000000000000,"Good data, use with confidence"
40.1547789,-88.580707,2017-03-14,h11v04,2362.0,551.0,0.1237,0.2732,0.254,0.1698,0.0514,81.0,0.101,-119.4899979,40.2000008,37.1100006,2116.0,0.0,0b0000100001000100,0b00,VI produced with good quality,0b0001,Lower quality,0b01,Low,0b0,No,0b0,No,0b0,No,0b001,Land (Nothing else but land),0b0,No,0b0,No,0b00000000000000000000000000000000,0b00000000000000000000000000000000,"Good data, use with confidence"
40.1547789,-88.580707,2017-03-30,h11v04,2362.0,551.0,0.1362,0.2309,0.2612,0.189,0.0556,91.0,0.1107,49.5399971,39.4799995,25.2399998,2116.0,0.0,0b0000100001000100,0b00,VI produced with good quality,0b0001,Lower quality,0b01,Low,0b0,No,0b0,No,0b0,No,0b001,Land (Nothing else but land),0b0,No,0b0,No,0b00000000000000000000000000000000,0b00000000000000000000000000000000,"Good data, use with confidence"
40.1547789,-88.580707,2017-04-15,h11v04,2362.0,551.0,0.1633,0.388,0.2503,0.2505,0.0822,114.0,0.1502,39.0400009,33.4500008,34.0,2116.0,0.0,0b0000100001000100,0b00,VI produced with good quality,0b0001,Lower quality,0b01,Low,0b0,No,0b0,No,0b0,No,0b001,Land (Nothing else but land),0b0,No,0b0,No,0b00000000000000000000000000000000,0b00000000000000000000000000000000,"Good data, use with confidence"
40.1547789,-88.580707,2017-05-01,h11v04,2362.0,551.0,0.1505,0.2516,0.2752,0.2004,0.0596,125.0,0.1139,34.579998,28.4499989,3.0,2116.0,0.0,0b0000100001000100,0b00,VI produced with good quality,0b0001,Lower quality,0b01,Low,0b0,No,0b0,No,0b0,No,0b001,Land (Nothing else but land),0b0,No,0b0,No,0b00000000000000000000000000000000,0b00000000000000000000000000000000,"Good data, use with confidence"
40.1547789,-88.580707,2017-05-17,h11v04,2362.0,551.0,0.1994,0.3484,0.3272,0.2407,0.0646,142.0,0.122,26.1299992,31.4799995,58.8099976,2120.0,1.0,0b0000100001001000,0b00,VI produced with good quality,0b0010,Decreasing quality (0010),0b01,Low,0b0,No,0b0,No,0b0,No,0b001,Land (Nothing else but land),0b0,No,0b0,No,0b00000000000000000000000000000001,0b00000000000000000000000000000001,"Marginal data, Useful, but look at other QA information"
40.1547789,-88.580707,2017-06-02,h11v04,2362.0,551.0,0.2329,0.2827,0.3821,0.2539,0.0571,166.0,0.1135,-140.2299957,21.3599987,8.5100002,2116.0,0.0,0b0000100001000100,0b00,VI produced with good quality,0b0001,Lower quality,0b01,Low,0b0,No,0b0,No,0b0,No,0b001,Land (Nothing else but land),0b0,No,0b0,No,0b00000000000000000000000000000000,0b00000000000000000000000000000000,"Good data, use with confidence"
40.1547789,-88.580707,2017-06-18,h11v04,2362.0,551.0,0.3979,0.1762,0.6559,0.2835,0.0301,184.0,0.0589,-136.8499908,19.8500004,29.2299995,2116.0,0.0,0b0000100001000100,0b00,VI produced with good quality,0b0001,Lower quality,0b01,Low,0b0,No,0b0,No,0b0,No,0b001,Land (Nothing else but land),0b0,No,0b0,No,0b00000000000000000000000000000000,0b00000000000000000000000000000000,"Good data, use with confidence"
40.1547789,-88.580707,2017-07-04,h11v04,2362.0,551.0,0.592,0.1349,0.8018,0.3911,0.0239,198.0,0.043,-135.8999939,22.6000004,8.6799994,2116.0,0.0,0b0000100001000100,0b00,VI produced with good quality,0b0001,Lower quality,0b01,Low,0b0,No,0b0,No,0b0,No,0b001,Land (Nothing else but land),0b0,No,0b0,No,0b00000000000000000000000000000000,0b00000000000000000000000000000000,"Good data, use with confidence"
40.1547789,-88.580707,2017-07-20,h11v04,2362.0,551.0,0.8298,0.0989,0.9069,0.5618,0.0155,210.0,0.0274,37.4599991,27.7399998,33.7999992,2116.0,0.0,0b0000100001000100,0b00,VI produced with good quality,0b0001,Lower quality,0b01,Low,0b0,No,0b0,No,0b0,No,0b001,Land (Nothing else but land),0b0,No,0b0,No,0b00000000000000000000000000000000,0b00000000000000000000000000000000,"Good data, use with confidence"
40.1547789,-88.580707,2017-08-05,h11v04,2362.0,551.0,0.8128,0.0638,0.9394,0.5223,0.0085,230.0,0.0163,-129.5899963,30.25,8.6799994,2116.0,0.0,0b0000100001000100,0b00,VI produced with good quality,0b0001,Lower quality,0b01,Low,0b0,No,0b0,No,0b0,No,0b001,Land (Nothing else but land),0b0,No,0b0,No,0b00000000000000000000000000000000,0b00000000000000000000000000000000,"Good data, use with confidence"
40.1547789,-88.580707,2017-08-21,h11v04,2362.0,551.0,0.7813,0.0606,0.9211,0.5022,0.0113,239.0,0.0206,-127.0999985,32.7599983,19.4899998,2116.0,0.0,0b0000100001000100,0b00,VI produced with good quality,0b0001,Lower quality,0b01,Low,0b0,No,0b0,No,0b0,No,0b001,Land (Nothing else but land),0b0,No,0b0,No,0b00000000000000000000000000000000,0b00000000000000000000000000000000,"Good data, use with confidence"
40.1547789,-88.580707,2017-09-06,h11v04,2362.0,551.0,0.6208,0.0728,0.7642,0.4566,0.0306,253.0,0.061,54.8400002,39.0599976,2.8099999,2116.0,0.0,0b0000100001000100,0b00,VI produced with good quality,0b0001,Lower quality,0b01,Low,0b0,No,0b0,No,0b0,No,0b001,Land (Nothing else but land),0b0,No,0b0,No,0b00000000000000000000000000000000,0b00000000000000000000000000000000,"Good data, use with confidence"
40.1547789,-88.580707,2017-09-22,h11v04,2362.0,551.0,0.2172,0.1802,0.3723,0.2298,0.0567,269.0,0.1051,47.1399994,45.329998,2.98,2116.0,0.0,0b0000100001000100,0b00,VI produced with good quality,0b0001,Lower quality,0b01,Low,0b0,No,0b0,No,0b0,No,0b001,Land (Nothing else but land),0b0,No,0b0,No,0b00000000000000000000000000000000,0b00000000000000000000000000000000,"Good data, use with confidence"
40.1547789,-88.580707,2017-10-08,h11v04,2362.0,551.0,0.1737,0.251,0.3156,0.2134,0.0541,281.0,0.111,49.0099983,52.3999977,41.8999977,2120.0,0.0,0b0000100001001000,0b00,VI produced with good quality,0b0010,Decreasing quality (0010),0b01,Low,0b0,No,0b0,No,0b0,No,0b001,Land (Nothing else but land),0b0,No,0b0,No,0b00000000000000000000000000000000,0b00000000000000000000000000000000,"Good data, use with confidence"
40.1547789,-88.580707,2017-10-24,h11v04,2362.0,551.0,0.1507,0.2499,0.2604,0.2088,0.0684,299.0,0.1225,52.6699982,57.4899979,24.789999,2116.0,0.0,0b0000100001000100,0b00,VI produced with good quality,0b0001,Lower quality,0b01,Low,0b0,No,0b0,No,0b0,No,0b001,Land (Nothing else but land),0b0,No,0b0,No,0b00000000000000000000000000000000,0b00000000000000000000000000000000,"Good data, use with confidence"
40.1547789,-88.580707,2017-11-09,h11v04,2362.0,551.0,0.1389,0.2699,0.2718,0.182,0.0543,313.0,0.1042,53.6800003,62.6800003,41.8999977,2124.0,0.0,0b0000100001001100,0b00,VI produced with good quality,0b0011,Decreasing quality (0011),0b01,Low,0b0,No,0b0,No,0b0,No,0b001,Land (Nothing else but land),0b0,No,0b0,No,0b00000000000000000000000000000000,0b00000000000000000000000000000000,"Good data, use with confidence"
40.1547789,-88.580707,2017-11-25,h11v04,2362.0,551.0,0.1051,0.2237,0.2775,0.1206,0.0379,335.0,0.0682,-120.7099991,64.0499954,19.289999,2120.0,0.0,0b0000100001001000,0b00,VI produced with good quality,0b0010,Decreasing quality (0010),0b01,Low,0b0,No,0b0,No,0b0,No,0b001,Land (Nothing else but land),0b0,No,0b0,No,0b00000000000000000000000000000000,0b00000000000000000000000000000000,"Good data, use with confidence"
40.1547789,-88.580707,2017-12-11,h11v04,2362.0,551.0,0.1398,0.3183,0.2912,0.1687,0.0485,349.0,0.0926,59.9099998,65.75,2.8899999,2120.0,0.0,0b0000100001001000,0b00,VI produced with good quality,0b0010,Decreasing quality (0010),0b01,Low,0b0,No,0b0,No,0b0,No,0b001,Land (Nothing else but land),0b0,No,0b0,No,0b00000000000000000000000000000000,0b00000000000000000000000000000000,"Good data, use with confidence"
40.1547789,-88.580707,2017-12-27,h11v04,2362.0,551.0,-0.0118,0.0558,-0.0109,0.8266,0.8317,2.0,0.8449,-115.9399948,64.2200012,19.2999992,18453.0,2.0,0b0100100000010101,0b01,"VI produced, but check other QA",0b0101,Decreasing quality (0101),0b00,Climatology,0b0,No,0b0,No,0b0,No,0b001,Land (Nothing else but land),0b1,Yes,0b0,No,0b00000000000000000000000000000010,0b00000000000000000000000000000010,Snow/Ice Target covered with snow/ice
40.1547789,-88.580707,2018-01-09,h11v04,2362.0,551.0,0.0993,0.1847,0.2469,0.1313,0.0398,13.0,0.0793,-113.2200012,61.9399986,44.5499992,2124.0,0.0,0b0000100001001100,0b00,VI produced with good quality,0b0011,Decreasing quality (0011),0b01,Low,0b0,No,0b0,No,0b0,No,0b001,Land (Nothing else but land),0b0,No,0b0,No,0b00000000000000000000000000000000,0b00000000000000000000000000000000,"Good data, use with confidence"
40.1547789,-88.580707,2018-01-25,h11v04,2362.0,551.0,0.0886,0.1177,0.2693,0.1025,0.0306,25.0,0.059,-117.0400009,60.1800003,8.4899998,2120.0,0.0,0b0000100001001000,0b00,VI produced with good quality,0b0010,Decreasing quality (0010),0b01,Low,0b0,No,0b0,No,0b0,No,0b001,Land (Nothing else but land),0b0,No,0b0,No,0b00000000000000000000000000000000,0b00000000000000000000000000000000,"Good data, use with confidence"
40.1547789,-88.580707,2018-02-10,h11v04,2362.0,551.0,0.1055,0.1513,0.2678,0.1285,0.0384,56.0,0.0742,-111.0699997,49.0999985,59.8199997,2449.0,1.0,0b0000100110010001,0b01,"VI produced, but check other QA",0b0100,Decreasing quality (0100),0b10,Average,0b1,Yes,0b0,No,0b0,No,0b001,Land (Nothing else but land),0b0,No,0b0,No,0b00000000000000000000000000000001,0b00000000000000000000000000000001,"Marginal data, Useful, but look at other QA information"
40.1547789,-88.580707,2018-02-26,h11v04,2362.0,551.0,0.1055,0.1596,0.2762,0.1229,0.0375,57.0,0.0697,-118.3699951,50.0900002,8.4899998,2116.0,0.0,0b0000100001000100,0b00,VI produced with good quality,0b0001,Lower quality,0b01,Low,0b0,No,0b0,No,0b0,No,0b001,Land (Nothing else but land),0b0,No,0b0,No,0b00000000000000000000000000000000,0b00000000000000000000000000000000,"Good data, use with confidence"
40.1547789,-88.580707,2018-03-14,h11v04,2362.0,551.0,0.1405,0.3326,0.2641,0.1895,0.059,80.0,0.1103,56.3699989,42.2199974,2.98,2116.0,0.0,0b0000100001000100,0b00,VI produced with good quality,0b0001,Lower quality,0b01,Low,0b0,No,0b0,No,0b0,No,0b001,Land (Nothing else but land),0b0,No,0b0,No,0b00000000000000000000000000000000,0b00000000000000000000000000000000,"Good data, use with confidence"
40.1547789,-88.580707,2018-03-30,h11v04,2362.0,551.0,0.1209,0.2753,0.2477,0.1662,0.0538,102.0,0.1002,-121.2599945,32.1399994,50.4599991,2189.0,1.0,0b0000100010001101,0b01,"VI produced, but check other QA",0b0011,Decreasing quality (0011),0b10,Average,0b0,No,0b0,No,0b0,No,0b001,Land (Nothing else but land),0b0,No,0b0,No,0b00000000000000000000000000000001,0b00000000000000000000000000000001,"Marginal data, Useful, but look at other QA information"
40.1547789,-88.580707,2018-04-15,h11v04,2362.0,551.0,0.1505,0.3778,0.2714,0.2014,0.0621,119.0,0.1154,40.7199974,30.7799988,14.1899996,2116.0,0.0,0b0000100001000100,0b00,VI produced with good quality,0b0001,Lower quality,0b01,Low,0b0,No,0b0,No,0b0,No,0b001,Land (Nothing else but land),0b0,No,0b0,No,0b00000000000000000000000000000000,0b00000000000000000000000000000000,"Good data, use with confidence"
40.1547789,-88.580707,2018-05-01,h11v04,2362.0,551.0,0.1566,0.334,0.2586,0.2168,0.0748,128.0,0.1277,27.8299999,27.8899994,2.9399998,2185.0,1.0,0b0000100010001001,0b01,"VI produced, but check other QA",0b0010,Decreasing quality (0010),0b10,Average,0b0,No,0b0,No,0b0,No,0b001,Land (Nothing else but land),0b0,No,0b0,No,0b00000000000000000000000000000001,0b00000000000000000000000000000001,"Marginal data, Useful, but look at other QA information"
40.1547789,-88.580707,2018-05-17,h11v04,2362.0,551.0,0.2464,0.1967,0.5231,0.1875,0.0311,146.0,0.0587,-141.5899963,22.8999996,19.4799995,2116.0,0.0,0b0000100001000100,0b00,VI produced with good quality,0b0001,Lower quality,0b01,Low,0b0,No,0b0,No,0b0,No,0b001,Land (Nothing else but land),0b0,No,0b0,No,0b00000000000000000000000000000000,0b00000000000000000000000000000000,"Good data, use with confidence"
40.1547789,-88.580707,2018-06-02,h11v04,2362.0,551.0,0.3343,0.1098,0.672,0.2192,0.0213,155.0,0.043,-139.6199951,20.9399986,29.2299995,2116.0,0.0,0b0000100001000100,0b00,VI produced with good quality,0b0001,Lower quality,0b01,Low,0b0,No,0b0,No,0b0,No,0b001,Land (Nothing else but land),0b0,No,0b0,No,0b00000000000000000000000000000000,0b00000000000000000000000000000000,"Good data, use with confidence"
40.1547789,-88.580707,2018-06-18,h11v04,2362.0,551.0,0.7691,0.0613,0.9235,0.4881,0.0108,180.0,0.0194,-134.5399933,19.1000004,37.6800003,2116.0,0.0,0b0000100001000100,0b00,VI produced with good quality,0b0001,Lower quality,0b01,Low,0b0,No,0b0,No,0b0,No,0b001,Land (Nothing else but land),0b0,No,0b0,No,0b00000000000000000000000000000000,0b00000000000000000000000000000000,"Good data, use with confidence"
40.1547789,-88.580707,2018-07-04,h11v04,2362.0,551.0,0.7745,0.074,0.8906,0.5239,0.015,188.0,0.0303,29.8199997,25.8199997,41.7999992,2120.0,0.0,0b0000100001001000,0b00,VI produced with good quality,0b0010,Decreasing quality (0010),0b01,Low,0b0,No,0b0,No,0b0,No,0b001,Land (Nothing else but land),0b0,No,0b0,No,0b00000000000000000000000000000000,0b00000000000000000000000000000000,"Good data, use with confidence"
40.1547789,-88.580707,2018-07-20,h11v04,2362.0,551.0,0.8049,0.082,0.9014,0.54,0.0157,206.0,0.028,37.8899994,26.25,25.3400002,2116.0,0.0,0b0000100001000100,0b00,VI produced with good quality,0b0001,Lower quality,0b01,Low,0b0,No,0b0,No,0b0,No,0b001,Land (Nothing else but land),0b0,No,0b0,No,0b00000000000000000000000000000000,0b00000000000000000000000000000000,"Good data, use with confidence"
40.1547789,-88.580707,2018-08-05,h11v04,2362.0,551.0,0.8205,0.1027,0.8719,0.5774,0.0234,220.0,0.0395,37.7700005,30.9799995,42.4899979,2449.0,1.0,0b0000100110010001,0b01,"VI produced, but check other QA",0b0100,Decreasing quality (0100),0b10,Average,0b1,Yes,0b0,No,0b0,No,0b001,Land (Nothing else but land),0b0,No,0b0,No,0b00000000000000000000000000000001,0b00000000000000000000000000000001,"Marginal data, Useful, but look at other QA information"
40.1547789,-88.580707,2018-08-21,h11v04,2362.0,551.0,0.5128,0.1088,0.722,0.3643,0.0304,240.0,0.0588,39.4099998,34.2399979,3.8299999,2116.0,0.0,0b0000100001000100,0b00,VI produced with good quality,0b0001,Lower quality,0b01,Low,0b0,No,0b0,No,0b0,No,0b001,Land (Nothing else but land),0b0,No,0b0,No,0b00000000000000000000000000000000,0b00000000000000000000000000000000,"Good data, use with confidence"
40.1547789,-88.580707,2018-09-06,h11v04,2362.0,551.0,0.1867,0.1763,0.3112,0.2709,0.0537,256.0,0.1423,46.329998,40.1899986,3.3499999,2116.0,0.0,0b0000100001000100,0b00,VI produced with good quality,0b0001,Lower quality,0b01,Low,0b0,No,0b0,No,0b0,No,0b001,Land (Nothing else but land),0b0,No,0b0,No,0b00000000000000000000000000000000,0b00000000000000000000000000000000,"Good data, use with confidence"
40.1547789,-88.580707,2018-09-22,h11v04,2362.0,551.0,0.1567,0.144,0.3341,0.1667,0.0445,269.0,0.0832,-122.8299942,43.0,44.5499992,2120.0,0.0,0b0000100001001000,0b00,VI produced with good quality,0b0010,Decreasing quality (0010),0b01,Low,0b0,No,0b0,No,0b0,No,0b001,Land (Nothing else but land),0b0,No,0b0,No,0b00000000000000000000000000000000,0b00000000000000000000000000000000,"Good data, use with confidence"
40.1547789,-88.580707,2018-10-08,h11v04,2362.0,551.0,0.1371,0.1948,0.2952,0.1656,0.044,288.0,0.0901,48.9399986,52.5499992,3.1599998,2116.0,0.0,0b0000100001000100,0b00,VI produced with good quality,0b0001,Lower quality,0b01,Low,0b0,No,0b0,No,0b0,No,0b001,Land (Nothing else but land),0b0,No,0b0,No,0b00000000000000000000000000000000,0b00000000000000000000000000000000,"Good data, use with confidence"
40.1547789,-88.580707,2018-10-24,h11v04,2362.0,551.0,0.117,0.1813,0.2568,0.1578,0.0453,311.0,0.0933,54.5200005,60.4799995,14.29,2120.0,0.0,0b0000100001001000,0b00,VI produced with good quality,0b0010,Decreasing quality (0010),0b01,Low,0b0,No,0b0,No,0b0,No,0b001,Land (Nothing else but land),0b0,No,0b0,No,0b00000000000000000000000000000000,0b00000000000000000000000000000000,"Good data, use with confidence"
40.1547789,-88.580707,2018-11-09,h11v04,2362.0,551.0,0.0968,0.1737,0.2484,0.1246,0.0392,315.0,0.075,-122.2999954,59.7799988,29.1299992,2116.0,0.0,0b0000100001000100,0b00,VI produced with good quality,0b0001,Lower quality,0b01,Low,0b0,No,0b0,No,0b0,No,0b001,Land (Nothing else but land),0b0,No,0b0,No,0b00000000000000000000000000000000,0b00000000000000000000000000000000,"Good data, use with confidence"
40.1547789,-88.580707,2018-11-25,h11v04,2362.0,551.0,0.0173,0.0629,0.0185,0.5188,0.4685,343.0,0.4999,58.6199989,65.909996,14.1099997,18453.0,2.0,0b0100100000010101,0b01,"VI produced, but check other QA",0b0101,Decreasing quality (0101),0b00,Climatology,0b0,No,0b0,No,0b0,No,0b001,Land (Nothing else but land),0b1,Yes,0b0,No,0b00000000000000000000000000000010,0b00000000000000000000000000000010,Snow/Ice Target covered with snow/ice
40.1547789,-88.580707,2018-12-11,h11v04,2362.0,551.0,0.1076,0.1753,0.2498,0.1448,0.0429,359.0,0.0869,60.2599983,65.909996,14.1999998,2120.0,0.0,0b0000100001001000,0b00,VI produced with good quality,0b0010,Decreasing quality (0010),0b01,Low,0b0,No,0b0,No,0b0,No,0b001,Land (Nothing else but land),0b0,No,0b0,No,0b00000000000000000000000000000000,0b00000000000000000000000000000000,"Good data, use with confidence"
40.1547789,-88.580707,2018-12-27,h11v04,2362.0,551.0,0.0935,0.1108,0.2715,0.1084,0.0325,3.0,0.0621,60.2799988,64.7399979,2.8899999,2120.0,0.0,0b0000100001001000,0b00,VI produced with good quality,0b0010,Decreasing quality (0010),0b01,Low,0b0,No,0b0,No,0b0,No,0b001,Land (Nothing else but land),0b0,No,0b0,No,0b00000000000000000000000000000000,0b00000000000000000000000000000000,"Good data, use with confidence"
40.1547789,-88.580707,2019-01-09,h11v04,2362.0,551.0,0.1182,0.2441,0.2555,0.1572,0.0485,10.0,0.0932,63.8599968,64.0499954,14.1999998,2120.0,0.0,0b0000100001001000,0b00,VI produced with good quality,0b0010,Decreasing quality (0010),0b01,Low,0b0,No,0b0,No,0b0,No,0b001,Land (Nothing else but land),0b0,No,0b0,No,0b00000000000000000000000000000000,0b00000000000000000000000000000000,"Good data, use with confidence"
40.1547789,-88.580707,2019-01-25,h11v04,2362.0,551.0,0.1118,0.1413,0.249,0.1537,0.0451,40.0,0.0924,61.2599983,57.3499985,33.9899979,2116.0,0.0,0b0000100001000100,0b00,VI produced with good quality,0b0001,Lower quality,0b01,Low,0b0,No,0b0,No,0b0,No,0b001,Land (Nothing else but land),0b0,No,0b0,No,0b00000000000000000000000000000000,0b00000000000000000000000000000000,"Good data, use with confidence"
40.1547789,-88.580707,2019-02-10,h11v04,2362.0,551.0,0.1048,0.1206,0.2692,0.1247,0.0392,53.0,0.0718,-115.7200012,51.2599983,19.4699993,2185.0,1.0,0b0000100010001001,0b01,"VI produced, but check other QA",0b0010,Decreasing quality (0010),0b10,Average,0b0,No,0b0,No,0b0,No,0b001,Land (Nothing else but land),0b0,No,0b0,No,0b00000000000000000000000000000001,0b00000000000000000000000000000001,"Marginal data, Useful, but look at other QA information"
40.1547789,-88.580707,2019-02-26,h11v04,2362.0,551.0,0.1221,0.1762,0.2644,0.1566,0.0483,70.0,0.0911,52.8499985,48.3899994,48.4099998,2120.0,1.0,0b0000100001001000,0b00,VI produced with good quality,0b0010,Decreasing quality (0010),0b01,Low,0b0,No,0b0,No,0b0,No,0b001,Land (Nothing else but land),0b0,No,0b0,No,0b00000000000000000000000000000001,0b00000000000000000000000000000001,"Marginal data, Useful, but look at other QA information"
40.1547789,-88.580707,2019-03-14,h11v04,2362.0,551.0,0.1128,0.2015,0.257,0.1484,0.044,85.0,0.0877,-122.6800003,39.6299973,19.1999989,2116.0,0.0,0b0000100001000100,0b00,VI produced with good quality,0b0001,Lower quality,0b01,Low,0b0,No,0b0,No,0b0,No,0b001,Land (Nothing else but land),0b0,No,0b0,No,0b00000000000000000000000000000000,0b00000000000000000000000000000000,"Good data, use with confidence"
40.1547789,-88.580707,2019-03-30,h11v04,2362.0,551.0,0.1428,0.2961,0.2694,0.1894,0.0582,99.0,0.109,42.4099998,35.8699989,3.1899998,2116.0,0.0,0b0000100001000100,0b00,VI produced with good quality,0b0001,Lower quality,0b01,Low,0b0,No,0b0,No,0b0,No,0b001,Land (Nothing else but land),0b0,No,0b0,No,0b00000000000000000000000000000000,0b00000000000000000000000000000000,"Good data, use with confidence"
40.1547789,-88.580707,2019-04-15,h11v04,2362.0,551.0,0.1497,0.2966,0.2689,0.2005,0.0633,106.0,0.1155,44.2399979,34.3499985,14.29,2116.0,0.0,0b0000100001000100,0b00,VI produced with good quality,0b0001,Lower quality,0b01,Low,0b0,No,0b0,No,0b0,No,0b001,Land (Nothing else but land),0b0,No,0b0,No,0b00000000000000000000000000000000,0b00000000000000000000000000000000,"Good data, use with confidence"
40.1547789,-88.580707,2019-05-01,h11v04,2362.0,551.0,0.1587,0.2607,0.2963,0.1951,0.0568,126.0,0.1059,-133.4799957,26.3499985,29.0499992,2116.0,0.0,0b0000100001000100,0b00,VI produced with good quality,0b0001,Lower quality,0b01,Low,0b0,No,0b0,No,0b0,No,0b001,Land (Nothing else but land),0b0,No,0b0,No,0b00000000000000000000000000000000,0b00000000000000000000000000000000,"Good data, use with confidence"
40.1547789,-88.580707,2019-05-17,h11v04,2362.0,551.0,0.0966,0.1841,0.2726,0.1104,0.0354,142.0,0.0631,-137.5599976,22.8799992,29.2299995,2116.0,0.0,0b0000100001000100,0b00,VI produced with good quality,0b0001,Lower quality,0b01,Low,0b0,No,0b0,No,0b0,No,0b001,Land (Nothing else but land),0b0,No,0b0,No,0b00000000000000000000000000000000,0b00000000000000000000000000000000,"Good data, use with confidence"
40.1547789,-88.580707,2019-06-02,h11v04,2362.0,551.0,0.1777,0.3927,0.2905,0.2385,0.0686,156.0,0.1311,-145.6999969,22.289999,8.5799999,2116.0,0.0,0b0000100001000100,0b00,VI produced with good quality,0b0001,Lower quality,0b01,Low,0b0,No,0b0,No,0b0,No,0b001,Land (Nothing else but land),0b0,No,0b0,No,0b00000000000000000000000000000000,0b00000000000000000000000000000000,"Good data, use with confidence"
40.1547789,-88.580707,2019-06-18,h11v04,2362.0,551.0,0.2717,0.2147,0.489,0.2311,0.0414,176.0,0.0793,-132.8499908,18.4200001,44.7299995,2120.0,0.0,0b0000100001001000,0b00,VI produced with good quality,0b0010,Decreasing quality (0010),0b01,Low,0b0,No,0b0,No,0b0,No,0b001,Land (Nothing else but land),0b0,No,0b0,No,0b00000000000000000000000000000000,0b00000000000000000000000000000000,"Good data, use with confidence"
40.1547789,-88.580707,2019-07-04,h11v04,2362.0,551.0,0.5176,0.1403,0.7375,0.3635,0.027,195.0,0.0549,35.8499985,22.8899994,2.71,2116.0,0.0,0b0000100001000100,0b00,VI produced with good quality,0b0001,Lower quality,0b01,Low,0b0,No,0b0,No,0b0,No,0b001,Land (Nothing else but land),0b0,No,0b0,No,0b00000000000000000000000000000000,0b00000000000000000000000000000000,"Good data, use with confidence"
40.1547789,-88.580707,2019-07-20,h11v04,2362.0,551.0,0.779,0.0866,0.8989,0.5224,0.0136,216.0,0.0278,38.9099998,28.9699993,33.7099991,2116.0,0.0,0b0000100001000100,0b00,VI produced with good quality,0b0001,Lower quality,0b01,Low,0b0,No,0b0,No,0b0,No,0b001,Land (Nothing else but land),0b0,No,0b0,No,0b00000000000000000000000000000000,0b00000000000000000000000000000000,"Good data, use with confidence"
40.1547789,-88.580707,2019-08-05,h11v04,2362.0,551.0,0.7703,0.0847,0.9043,0.5135,0.0114,218.0,0.0258,40.4899979,27.9399986,14.0199995,2116.0,0.0,0b0000100001000100,0b00,VI produced with good quality,0b0001,Lower quality,0b01,Low,0b0,No,0b0,No,0b0,No,0b001,Land (Nothing else but land),0b0,No,0b0,No,0b00000000000000000000000000000000,0b00000000000000000000000000000000,"Good data, use with confidence"
40.1547789,-88.580707,2019-08-21,h11v04,2362.0,551.0,0.7526,0.0588,0.917,0.4786,0.0109,240.0,0.0207,-122.75,31.6499996,44.6499977,2120.0,0.0,0b0000100001001000,0b00,VI produced with good quality,0b0010,Decreasing quality (0010),0b01,Low,0b0,No,0b0,No,0b0,No,0b001,Land (Nothing else but land),0b0,No,0b0,No,0b00000000000000000000000000000000,0b00000000000000000000000000000000,"Good data, use with confidence"
40.1547789,-88.580707,2019-09-06,h11v04,2362.0,551.0,0.5126,0.0911,0.7265,0.3731,0.0262,261.0,0.0591,-125.1100006,40.9500008,19.4899998,2116.0,0.0,0b0000100001000100,0b00,VI produced with good quality,0b0001,Lower quality,0b01,Low,0b0,No,0b0,No,0b0,No,0b001,Land (Nothing else but land),0b0,No,0b0,No,0b00000000000000000000000000000000,0b00000000000000000000000000000000,"Good data, use with confidence"
40.1547789,-88.580707,2019-09-22,h11v04,2362.0,551.0,0.5042,0.1148,0.7135,0.3751,0.027,266.0,0.0627,49.9599991,44.5399971,14.1899996,2116.0,0.0,0b0000100001000100,0b00,VI produced with good quality,0b0001,Lower quality,0b01,Low,0b0,No,0b0,No,0b0,No,0b001,Land (Nothing else but land),0b0,No,0b0,No,0b00000000000000000000000000000000,0b00000000000000000000000000000000,"Good data, use with confidence"
40.1547789,-88.580707,2019-10-08,h11v04,2362.0,551.0,0.2295,0.2405,0.3529,0.2716,0.0677,282.0,0.1299,52.2799988,50.7599983,14.3699999,2116.0,0.0,0b0000100001000100,0b00,VI produced with good quality,0b0001,Lower quality,0b01,Low,0b0,No,0b0,No,0b0,No,0b001,Land (Nothing else but land),0b0,No,0b0,No,0b00000000000000000000000000000000,0b00000000000000000000000000000000,"Good data, use with confidence"
40.1547789,-88.580707,2019-10-24,h11v04,2362.0,551.0,0.1238,0.1449,0.278,0.1494,0.0458,300.0,0.0844,-126.4399948,56.1299973,8.3999996,2116.0,0.0,0b0000100001000100,0b00,VI produced with good quality,0b0001,Lower quality,0b01,Low,0b0,No,0b0,No,0b0,No,0b001,Land (Nothing else but land),0b0,No,0b0,No,0b00000000000000000000000000000000,0b00000000000000000000000000000000,"Good data, use with confidence"
40.1547789,-88.580707,2019-11-09,h11v04,2362.0,551.0,0.1214,0.2483,0.2498,0.1716,0.0503,314.0,0.103,53.079998,61.1800003,14.21,2120.0,0.0,0b0000100001001000,0b00,VI produced with good quality,0b0010,Decreasing quality (0010),0b01,Low,0b0,No,0b0,No,0b0,No,0b001,Land (Nothing else but land),0b0,No,0b0,No,0b00000000000000000000000000000000,0b00000000000000000000000000000000,"Good data, use with confidence"
40.1547789,-88.580707,2019-11-25,h11v04,2362.0,551.0,0.1002,0.1709,0.2062,0.1658,0.0541,339.0,0.1091,52.8799973,65.1699982,2.8099999,2120.0,0.0,0b0000100001001000,0b00,VI produced with good quality,0b0010,Decreasing quality (0010),0b01,Low,0b0,No,0b0,No,0b0,No,0b001,Land (Nothing else but land),0b0,No,0b0,No,0b00000000000000000000000000000000,0b00000000000000000000000000000000,"Good data, use with confidence"
40.1547789,-88.580707,2019-12-11,h11v04,2362.0,551.0,0.0781,0.149,0.2236,0.1086,0.0335,359.0,0.0689,-115.6800003,64.3899994,37.5,2120.0,0.0,0b0000100001001000,0b00,VI produced with good quality,0b0010,Decreasing quality (0010),0b01,Low,0b0,No,0b0,No,0b0,No,0b001,Land (Nothing else but land),0b0,No,0b0,No,0b00000000000000000000000000000000,0b00000000000000000000000000000000,"Good data, use with confidence"
40.1547789,-88.580707,2019-12-27,h11v04,2362.0,551.0,0.088,0.1377,0.2152,0.1355,0.0396,1.0,0.0875,-114.6399994,64.1100006,29.1399994,2120.0,0.0,0b0000100001001000,0b00,VI produced with good quality,0b0010,Decreasing quality (0010),0b01,Low,0b0,No,0b0,No,0b0,No,0b001,Land (Nothing else but land),0b0,No,0b0,No,0b00000000000000000000000000000000,0b00000000000000000000000000000000,"Good data, use with confidence"
40.1547789,-88.580707,2020-01-09,h11v04,2362.0,551.0,0.1004,0.1548,0.2168,0.156,0.05,21.0,0.1004,-111.5099945,60.1699982,55.5399971,2525.0,1.0,0b0000100111011101,0b01,"VI produced, but check other QA",0b0111,Decreasing quality (0111),0b11,High,0b1,Yes,0b0,No,0b0,No,0b001,Land (Nothing else but land),0b0,No,0b0,No,0b00000000000000000000000000000001,0b00000000000000000000000000000001,"Marginal data, Useful, but look at other QA information"
40.1547789,-88.580707,2020-01-25,h11v04,2362.0,551.0,0.0938,0.1767,0.202,0.1544,0.0515,33.0,0.1025,-113.4499969,57.6199989,29.2299995,2116.0,0.0,0b0000100001000100,0b00,VI produced with good quality,0b0001,Lower quality,0b01,Low,0b0,No,0b0,No,0b0,No,0b001,Land (Nothing else but land),0b0,No,0b0,No,0b00000000000000000000000000000000,0b00000000000000000000000000000000,"Good data, use with confidence"
40.1547789,-88.580707,2020-02-10,h11v04,2362.0,551.0,0.1064,0.205,0.2043,0.1818,0.0605,54.0,0.1201,50.7700005,51.6299973,3.1199999,2116.0,0.0,0b0000100001000100,0b00,VI produced with good quality,0b0001,Lower quality,0b01,Low,0b0,No,0b0,No,0b0,No,0b001,Land (Nothing else but land),0b0,No,0b0,No,0b00000000000000000000000000000000,0b00000000000000000000000000000000,"Good data, use with confidence"
40.1547789,-88.580707,2020-02-26,h11v04,2362.0,551.0,0.1231,0.2999,0.2149,0.208,0.0693,68.0,0.1344,56.75,47.5299988,24.789999,2116.0,0.0,0b0000100001000100,0b00,VI produced with good quality,0b0001,Lower quality,0b01,Low,0b0,No,0b0,No,0b0,No,0b001,Land (Nothing else but land),0b0,No,0b0,No,0b00000000000000000000000000000000,0b00000000000000000000000000000000,"Good data, use with confidence"
40.1547789,-88.580707,2020-03-13,h11v04,2362.0,551.0,0.1212,0.2522,0.2139,0.2068,0.0676,77.0,0.1339,54.079998,43.8799973,14.1999998,2116.0,0.0,0b0000100001000100,0b00,VI produced with good quality,0b0001,Lower quality,0b01,Low,0b0,No,0b0,No,0b0,No,0b001,Land (Nothing else but land),0b0,No,0b0,No,0b00000000000000000000000000000000,0b00000000000000000000000000000000,"Good data, use with confidence"
40.1547789,-88.580707,2020-03-29,h11v04,2362.0,551.0,0.1531,0.3468,0.2707,0.207,0.064,104.0,0.1188,-129.4799957,33.2399979,19.289999,2116.0,0.0,0b0000100001000100,0b00,VI produced with good quality,0b0001,Lower quality,0b01,Low,0b0,No,0b0,No,0b0,No,0b001,Land (Nothing else but land),0b0,No,0b0,No,0b00000000000000000000000000000000,0b00000000000000000000000000000000,"Good data, use with confidence"
40.1547789,-88.580707,2020-04-14,h11v04,2362.0,551.0,0.1433,0.329,0.2448,0.2161,0.0694,109.0,0.1311,43.2599983,33.5400009,14.29,2116.0,0.0,0b0000100001000100,0b00,VI produced with good quality,0b0001,Lower quality,0b01,Low,0b0,No,0b0,No,0b0,No,0b001,Land (Nothing else but land),0b0,No,0b0,No,0b00000000000000000000000000000000,0b00000000000000000000000000000000,"Good data, use with confidence"
40.1547789,-88.580707,2020-04-30,h11v04,2362.0,551.0,0.1389,0.1989,0.3037,0.1573,0.0457,122.0,0.084,-130.3300018,26.8899994,37.5,2116.0,0.0,0b0000100001000100,0b00,VI produced with good quality,0b0001,Lower quality,0b01,Low,0b0,No,0b0,No,0b0,No,0b001,Land (Nothing else but land),0b0,No,0b0,No,0b00000000000000000000000000000000,0b00000000000000000000000000000000,"Good data, use with confidence"
40.1547789,-88.580707,2020-05-16,h11v04,2362.0,551.0,0.1659,0.3267,0.298,0.2084,0.0591,152.0,0.1127,-140.5,22.0499992,19.4799995,2116.0,0.0,0b0000100001000100,0b00,VI produced with good quality,0b0001,Lower quality,0b01,Low,0b0,No,0b0,No,0b0,No,0b001,Land (Nothing else but land),0b0,No,0b0,No,0b00000000000000000000000000000000,0b00000000000000000000000000000000,"Good data, use with confidence"
40.1547789,-88.580707,2020-06-01,h11v04,2362.0,551.0,0.2295,0.2982,0.3778,0.2529,0.057,159.0,0.1142,-141.6799927,21.9899998,8.6799994,2116.0,0.0,0b0000100001000100,0b00,VI produced with good quality,0b0001,Lower quality,0b01,Low,0b0,No,0b0,No,0b0,No,0b001,Land (Nothing else but land),0b0,No,0b0,No,0b00000000000000000000000000000000,0b00000000000000000000000000000000,"Good data, use with confidence"
40.1547789,-88.580707,2020-06-17,h11v04,2362.0,551.0,0.4534,0.2622,0.5779,0.4113,0.0547,178.0,0.11,27.3699989,25.4799995,41.7099991,2189.0,1.0,0b0000100010001101,0b01,"VI produced, but check other QA",0b0011,Decreasing quality (0011),0b10,Average,0b0,No,0b0,No,0b0,No,0b001,Land (Nothing else but land),0b0,No,0b0,No,0b00000000000000000000000000000001,0b00000000000000000000000000000001,"Marginal data, Useful, but look at other QA information"
40.1547789,-88.580707,2020-07-03,h11v04,2362.0,551.0,0.736,0.1285,0.8394,0.5178,0.0245,192.0,0.0452,28.1199989,27.9300003,53.9599991,2120.0,1.0,0b0000100001001000,0b00,VI produced with good quality,0b0010,Decreasing quality (0010),0b01,Low,0b0,No,0b0,No,0b0,No,0b001,Land (Nothing else but land),0b0,No,0b0,No,0b00000000000000000000000000000001,0b00000000000000000000000000000001,"Marginal data, Useful, but look at other QA information"
40.1547789,-88.580707,2020-07-19,h11v04,2362.0,551.0,0.8954,0.087,0.9299,0.6147,0.0126,210.0,0.0223,35.75,28.5,41.7199974,2120.0,0.0,0b0000100001001000,0b00,VI produced with good quality,0b0010,Decreasing quality (0010),0b01,Low,0b0,No,0b0,No,0b0,No,0b001,Land (Nothing else but land),0b0,No,0b0,No,0b00000000000000000000000000000000,0b00000000000000000000000000000000,"Good data, use with confidence"
40.1547789,-88.580707,2020-08-04,h11v04,2362.0,551.0,0.7468,0.0627,0.8997,0.4755,0.0158,232.0,0.0251,-130.0599976,30.1499996,19.3899994,2116.0,0.0,0b0000100001000100,0b00,VI produced with good quality,0b0001,Lower quality,0b01,Low,0b0,No,0b0,No,0b0,No,0b001,Land (Nothing else but land),0b0,No,0b0,No,0b00000000000000000000000000000000,0b00000000000000000000000000000000,"Good data, use with confidence"
40.1547789,-88.580707,2020-08-20,h11v04,2362.0,551.0,0.6225,0.0804,0.8501,0.3927,0.0179,248.0,0.0318,-126.0699997,35.829998,19.4799995,2116.0,0.0,0b0000100001000100,0b00,VI produced with good quality,0b0001,Lower quality,0b01,Low,0b0,No,0b0,No,0b0,No,0b001,Land (Nothing else but land),0b0,No,0b0,No,0b00000000000000000000000000000000,0b00000000000000000000000000000000,"Good data, use with confidence"
40.1547789,-88.580707,2020-09-05,h11v04,2362.0,551.0,0.5416,0.1117,0.7566,0.3718,0.027,262.0,0.0515,40.3199997,42.3199997,2.8399999,2116.0,0.0,0b0000100001000100,0b00,VI produced with good quality,0b0001,Lower quality,0b01,Low,0b0,No,0b0,No,0b0,No,0b001,Land (Nothing else but land),0b0,No,0b0,No,0b00000000000000000000000000000000,0b00000000000000000000000000000000,"Good data, use with confidence"
40.1547789,-88.580707,2020-09-21,h11v04,2362.0,551.0,0.3858,0.147,0.5418,0.3537,0.0498,269.0,0.1051,50.1899986,45.6499977,14.1899996,2116.0,0.0,0b0000100001000100,0b00,VI produced with good quality,0b0001,Lower quality,0b01,Low,0b0,No,0b0,No,0b0,No,0b001,Land (Nothing else but land),0b0,No,0b0,No,0b00000000000000000000000000000000,0b00000000000000000000000000000000,"Good data, use with confidence"
40.1547789,-88.580707,2020-10-07,h11v04,2362.0,551.0,0.2328,0.2531,0.3351,0.3123,0.0749,283.0,0.1555,50.2799988,52.2399979,33.8899994,2116.0,0.0,0b0000100001000100,0b00,VI produced with good quality,0b0001,Lower quality,0b01,Low,0b0,No,0b0,No,0b0,No,0b001,Land (Nothing else but land),0b0,No,0b0,No,0b00000000000000000000000000000000,0b00000000000000000000000000000000,"Good data, use with confidence"
40.1547789,-88.580707,2020-10-23,h11v04,2362.0,551.0,0.1163,0.204,0.2318,0.1764,0.0546,312.0,0.11,-123.4199982,59.2299995,19.3899994,2116.0,0.0,0b0000100001000100,0b00,VI produced with good quality,0b0001,Lower quality,0b01,Low,0b0,No,0b0,No,0b0,No,0b001,Land (Nothing else but land),0b0,No,0b0,No,0b00000000000000000000000000000000,0b00000000000000000000000000000000,"Good data, use with confidence"
40.1547789,-88.580707,2020-11-08,h11v04,2362.0,551.0,0.139,0.2251,0.242,0.214,0.0664,317.0,0.1306,54.1699982,61.8699989,14.1999998,2120.0,0.0,0b0000100001001000,0b00,VI produced with good quality,0b0010,Decreasing quality (0010),0b01,Low,0b0,No,0b0,No,0b0,No,0b001,Land (Nothing else but land),0b0,No,0b0,No,0b00000000000000000000000000000000,0b00000000000000000000000000000000,"Good data, use with confidence"
40.1547789,-88.580707,2020-11-24,h11v04,2362.0,551.0,0.0985,0.2157,0.2475,0.127,0.0411,344.0,0.0766,-117.3799973,64.8199997,19.2999992,2120.0,0.0,0b0000100001001000,0b00,VI produced with good quality,0b0010,Decreasing quality (0010),0b01,Low,0b0,No,0b0,No,0b0,No,0b001,Land (Nothing else but land),0b0,No,0b0,No,0b00000000000000000000000000000000,0b00000000000000000000000000000000,"Good data, use with confidence"
40.1547789,-88.580707,2020-12-10,h11v04,2362.0,551.0,0.0996,0.1847,0.2352,0.1386,0.0439,360.0,0.0858,-116.7099991,64.8699951,19.289999,2120.0,0.0,0b0000100001001000,0b00,VI produced with good quality,0b0010,Decreasing quality (0010),0b01,Low,0b0,No,0b0,No,0b0,No,0b001,Land (Nothing else but land),0b0,No,0b0,No,0b00000000000000000000000000000000,0b00000000000000000000000000000000,"Good data, use with confidence"
40.1547789,-88.580707,2020-12-26,h11v04,2362.0,551.0,0.1262,0.277,0.2337,0.19,0.063,361.0,0.118,60.0900002,67.5400009,48.5099983,2124.0,1.0,0b0000100001001100,0b00,VI produced with good quality,0b0011,Decreasing quality (0011),0b01,Low,0b0,No,0b0,No,0b0,No,0b001,Land (Nothing else but land),0b0,No,0b0,No,0b00000000000000000000000000000001,0b00000000000000000000000000000001,"Marginal data, Useful, but look at other QA information"
40.1547789,-88.580707,2021-01-09,h11v04,2362.0,551.0,0.1165,0.2031,0.2504,0.1625,0.0468,22.0,0.0974,62.4899979,61.8199997,24.6999989,2120.0,0.0,0b0000100001001000,0b00,VI produced with good quality,0b0010,Decreasing quality (0010),0b01,Low,0b0,No,0b0,No,0b0,No,0b001,Land (Nothing else but land),0b0,No,0b0,No,0b00000000000000000000000000000000,0b00000000000000000000000000000000,"Good data, use with confidence"
40.1547789,-88.580707,2021-01-25,h11v04,2362.0,551.0,0.1047,0.1533,0.201,0.1855,0.0599,37.0,0.1234,-112.9499969,55.829998,44.5399971,2522.0,3.0,0b0000100111011010,0b10,"Pixel produced, but most probably cloudy",0b0110,Decreasing quality (0110),0b11,High,0b1,Yes,0b0,No,0b0,No,0b001,Land (Nothing else but land),0b0,No,0b0,No,0b00000000000000000000000000000011,0b00000000000000000000000000000011,"Cloudy data, Target not visible, covered with cloud"
40.1547789,-88.580707,2021-02-10,h11v04,2362.0,551.0,0.1174,0.1185,0.2695,0.1467,0.0436,56.0,0.0844,58.6999969,50.6499977,2.8899999,2116.0,0.0,0b0000100001000100,0b00,VI produced with good quality,0b0001,Lower quality,0b01,Low,0b0,No,0b0,No,0b0,No,0b001,Land (Nothing else but land),0b0,No,0b0,No,0b00000000000000000000000000000000,0b00000000000000000000000000000000,"Good data, use with confidence"
40.1547789,-88.580707,2021-02-26,h11v04,2362.0,551.0,0.1209,0.1997,0.2418,0.1743,0.0546,63.0,0.1064,59.2799988,48.5699997,14.1099997,2116.0,0.0,0b0000100001000100,0b00,VI produced with good quality,0b0001,Lower quality,0b01,Low,0b0,No,0b0,No,0b0,No,0b001,Land (Nothing else but land),0b0,No,0b0,No,0b00000000000000000000000000000000,0b00000000000000000000000000000000,"Good data, use with confidence"
40.1547789,-88.580707,2021-03-14,h11v04,2362.0,551.0,0.1255,0.2513,0.2549,0.1728,0.052,79.0,0.1026,55.5900002,42.8999977,14.1099997,2116.0,0.0,0b0000100001000100,0b00,VI produced with good quality,0b0001,Lower quality,0b01,Low,0b0,No,0b0,No,0b0,No,0b001,Land (Nothing else but land),0b0,No,0b0,No,0b00000000000000000000000000000000,0b00000000000000000000000000000000,"Good data, use with confidence"
40.1547789,-88.580707,2021-03-30,h11v04,2362.0,551.0,0.1558,0.3448,0.2728,0.2146,0.0633,104.0,0.1226,41.6899986,34.1100006,2.8999999,2116.0,0.0,0b0000100001000100,0b00,VI produced with good quality,0b0001,Lower quality,0b01,Low,0b0,No,0b0,No,0b0,No,0b001,Land (Nothing else but land),0b0,No,0b0,No,0b00000000000000000000000000000000,0b00000000000000000000000000000000,"Good data, use with confidence"
40.1547789,-88.580707,2021-04-15,h11v04,2362.0,551.0,0.1723,0.3464,0.298,0.2169,0.0635,120.0,0.1173,41.25,29.6399994,2.79,2116.0,0.0,0b0000100001000100,0b00,VI produced with good quality,0b0001,Lower quality,0b01,Low,0b0,No,0b0,No,0b0,No,0b001,Land (Nothing else but land),0b0,No,0b0,No,0b00000000000000000000000000000000,0b00000000000000000000000000000000,"Good data, use with confidence"
40.1547789,-88.580707,2021-05-01,h11v04,2362.0,551.0,0.1997,0.4195,0.3,0.2723,0.0772,132.0,0.1466,32.0499992,30.2399998,41.8099976,2120.0,0.0,0b0000100001001000,0b00,VI produced with good quality,0b0010,Decreasing quality (0010),0b01,Low,0b0,No,0b0,No,0b0,No,0b001,Land (Nothing else but land),0b0,No,0b0,No,0b00000000000000000000000000000000,0b00000000000000000000000000000000,"Good data, use with confidence"
40.1547789,-88.580707,2021-05-17,h11v04,2362.0,551.0,0.2383,0.387,0.35,0.2885,0.0737,150.0,0.1389,31.3799992,25.4799995,24.6000004,2116.0,0.0,0b0000100001000100,0b00,VI produced with good quality,0b0001,Lower quality,0b01,Low,0b0,No,0b0,No,0b0,No,0b001,Land (Nothing else but land),0b0,No,0b0,No,0b00000000000000000000000000000000,0b00000000000000000000000000000000,"Good data, use with confidence"
40.1547789,-88.580707,2021-06-02,h11v04,2362.0,551.0,0.4165,0.2505,0.5987,0.3263,0.0468,168.0,0.0819,32.7999992,22.0499992,2.79,2116.0,0.0,0b0000100001000100,0b00,VI produced with good quality,0b0001,Lower quality,0b01,Low,0b0,No,0b0,No,0b0,No,0b001,Land (Nothing else but land),0b0,No,0b0,No,0b00000000000000000000000000000000,0b00000000000000000000000000000000,"Good data, use with confidence"
40.1547789,-88.580707,2021-06-18,h11v04,2362.0,551.0,0.4287,0.1252,0.7286,0.279,0.0227,170.0,0.0438,-141.7200012,20.3999996,19.4799995,2116.0,0.0,0b0000100001000100,0b00,VI produced with good quality,0b0001,Lower quality,0b01,Low,0b0,No,0b0,No,0b0,No,0b001,Land (Nothing else but land),0b0,No,0b0,No,0b00000000000000000000000000000000,0b00000000000000000000000000000000,"Good data, use with confidence"
40.1547789,-88.580707,2021-07-04,h11v04,2362.0,551.0,0.7292,0.0909,0.8769,0.482,0.017,185.0,0.0316,25.2699986,28.5599995,58.7099991,2261.0,1.0,0b0000100011010101,0b01,"VI produced, but check other QA",0b0101,Decreasing quality (0101),0b11,High,0b0,No,0b0,No,0b0,No,0b001,Land (Nothing else but land),0b0,No,0b0,No,0b00000000000000000000000000000001,0b00000000000000000000000000000001,"Marginal data, Useful, but look at other QA information"
40.1547789,-88.580707,2021-07-20,h11v04,2362.0,551.0,0.7684,0.074,0.9163,0.4973,0.0107,207.0,0.0217,38.5599976,25.5900002,14.29,2116.0,0.0,0b0000100001000100,0b00,VI produced with good quality,0b0001,Lower quality,0b01,Low,0b0,No,0b0,No,0b0,No,0b001,Land (Nothing else but land),0b0,No,0b0,No,0b00000000000000000000000000000000,0b00000000000000000000000000000000,"Good data, use with confidence"
40.1547789,-88.580707,2021-08-05,h11v04,2362.0,551.0,0.7112,0.0551,0.9225,0.4368,0.0092,227.0,0.0176,-127.0699997,28.2600002,29.1399994,2116.0,0.0,0b0000100001000100,0b00,VI produced with good quality,0b0001,Lower quality,0b01,Low,0b0,No,0b0,No,0b0,No,0b001,Land (Nothing else but land),0b0,No,0b0,No,0b00000000000000000000000000000000,0b00000000000000000000000000000000,"Good data, use with confidence"
40.1547789,-88.580707,2021-08-21,h11v04,2362.0,551.0,0.7972,0.0733,0.9098,0.5317,0.0125,241.0,0.0251,-131.3000031,34.0299988,8.5799999,2116.0,0.0,0b0000100001000100,0b00,VI produced with good quality,0b0001,Lower quality,0b01,Low,0b0,No,0b0,No,0b0,No,0b001,Land (Nothing else but land),0b0,No,0b0,No,0b00000000000000000000000000000000,0b00000000000000000000000000000000,"Good data, use with confidence"
40.1547789,-88.580707,2021-09-06,h11v04,2362.0,551.0,0.3571,0.1108,0.5601,0.3178,0.0344,259.0,0.0896,-125.6699982,39.9099998,29.1299992,2116.0,0.0,0b0000100001000100,0b00,VI produced with good quality,0b0001,Lower quality,0b01,Low,0b0,No,0b0,No,0b0,No,0b001,Land (Nothing else but land),0b0,No,0b0,No,0b00000000000000000000000000000000,0b00000000000000000000000000000000,"Good data, use with confidence"
40.1547789,-88.580707,2021-09-22,h11v04,2362.0,551.0,0.1808,0.2022,0.3027,0.2511,0.0592,271.0,0.1344,48.2899971,46.7199974,14.2999992,2116.0,0.0,0b0000100001000100,0b00,VI produced with good quality,0b0001,Lower quality,0b01,Low,0b0,No,0b0,No,0b0,No,0b001,Land (Nothing else but land),0b0,No,0b0,No,0b00000000000000000000000000000000,0b00000000000000000000000000000000,"Good data, use with confidence"
40.1547789,-88.580707,2021-10-08,h11v04,2362.0,551.0,0.1493,0.1962,0.2983,0.178,0.0515,289.0,0.0962,-125.0099945,52.5099983,8.5799999,2116.0,0.0,0b0000100001000100,0b00,VI produced with good quality,0b0001,Lower quality,0b01,Low,0b0,No,0b0,No,0b0,No,0b001,Land (Nothing else but land),0b0,No,0b0,No,0b00000000000000000000000000000000,0b00000000000000000000000000000000,"Good data, use with confidence"
40.1547789,-88.580707,2021-10-24,h11v04,2362.0,551.0,0.0998,0.1768,0.2391,0.1355,0.0433,312.0,0.0832,54.8699989,60.3499985,3.0699999,2120.0,0.0,0b0000100001001000,0b00,VI produced with good quality,0b0010,Decreasing quality (0010),0b01,Low,0b0,No,0b0,No,0b0,No,0b001,Land (Nothing else but land),0b0,No,0b0,No,0b00000000000000000000000000000000,0b00000000000000000000000000000000,"Good data, use with confidence"
40.1547789,-88.580707,2021-11-09,h11v04,2362.0,551.0,0.1403,0.2374,0.2526,0.2132,0.0592,326.0,0.1272,56.4599991,64.4300003,24.789999,2120.0,0.0,0b0000100001001000,0b00,VI produced with good quality,0b0010,Decreasing quality (0010),0b01,Low,0b0,No,0b0,No,0b0,No,0b001,Land (Nothing else but land),0b0,No,0b0,No,0b00000000000000000000000000000000,0b00000000000000000000000000000000,"Good data, use with confidence"
40.1547789,-88.580707,2021-11-25,h11v04,2362.0,551.0,0.117,0.1567,0.2745,0.1467,0.0397,332.0,0.0835,-119.3899994,63.0099983,37.5,2120.0,0.0,0b0000100001001000,0b00,VI produced with good quality,0b0010,Decreasing quality (0010),0b01,Low,0b0,No,0b0,No,0b0,No,0b001,Land (Nothing else but land),0b0,No,0b0,No,0b00000000000000000000000000000000,0b00000000000000000000000000000000,"Good data, use with confidence"
40.1547789,-88.580707,2021-12-11,h11v04,2362.0,551.0,0.1064,0.1335,0.2553,0.1374,0.0418,346.0,0.0815,-117.9599991,65.0,19.2099991,2120.0,0.0,0b0000100001001000,0b00,VI produced with good quality,0b0010,Decreasing quality (0010),0b01,Low,0b0,No,0b0,No,0b0,No,0b001,Land (Nothing else but land),0b0,No,0b0,No,0b00000000000000000000000000000000,0b00000000000000000000000000000000,"Good data, use with confidence"
40.1547789,-88.580707,2021-12-27,h11v04,2362.0,551.0,0.1117,0.1142,0.2105,0.1854,0.0624,3.0,0.1209,-112.909996,63.0499992,59.7099991,2265.0,1.0,0b0000100011011001,0b01,"VI produced, but check other QA",0b0110,Decreasing quality (0110),0b11,High,0b0,No,0b0,No,0b0,No,0b001,Land (Nothing else but land),0b0,No,0b0,No,0b00000000000000000000000000000001,0b00000000000000000000000000000001,"Marginal data, Useful, but look at other QA information"
40.1547789,-88.580707,2022-01-09,h11v04,2362.0,551.0,0.121,0.2394,0.2391,0.179,0.0549,11.0,0.1099,52.6699982,63.5399971,3.21,2120.0,0.0,0b0000100001001000,0b00,VI produced with good quality,0b0010,Decreasing quality (0010),0b01,Low,0b0,No,0b0,No,0b0,No,0b001,Land (Nothing else but land),0b0,No,0b0,No,0b00000000000000000000000000000000,0b00000000000000000000000000000000,"Good data, use with confidence"
40.1547789,-88.580707,2022-01-25,h11v04,2362.0,551.0,0.1253,0.2997,0.2484,0.1759,0.0553,25.0,0.1059,62.1800003,61.1800003,24.5100002,2120.0,0.0,0b0000100001001000,0b00,VI produced with good quality,0b0010,Decreasing quality (0010),0b01,Low,0b0,No,0b0,No,0b0,No,0b001,Land (Nothing else but land),0b0,No,0b0,No,0b00000000000000000000000000000000,0b00000000000000000000000000000000,"Good data, use with confidence"
40.1547789,-88.580707,2022-02-10,h11v04,2362.0,551.0,0.0075,0.0649,0.0074,0.6575,0.5894,45.0,0.6478,-115.3499985,53.9300003,20.5799999,18449.0,2.0,0b0100100000010001,0b01,"VI produced, but check other QA",0b0100,Decreasing quality (0100),0b00,Climatology,0b0,No,0b0,No,0b0,No,0b001,Land (Nothing else but land),0b1,Yes,0b0,No,0b00000000000000000000000000000010,0b00000000000000000000000000000010,Snow/Ice Target covered with snow/ice
40.1547789,-88.580707,2022-02-26,h11v04,2362.0,551.0,0.108,0.1736,0.2466,0.1481,0.0439,72.0,0.0895,-115.7099991,43.3699989,46.7199974,2120.0,1.0,0b0000100001001000,0b00,VI produced with good quality,0b0010,Decreasing quality (0010),0b01,Low,0b0,No,0b0,No,0b0,No,0b001,Land (Nothing else but land),0b0,No,0b0,No,0b00000000000000000000000000000001,0b00000000000000000000000000000001,"Marginal data, Useful, but look at other QA information"
40.1547789,-88.580707,2022-03-14,h11v04,2362.0,551.0,0.1274,0.2505,0.2522,0.1755,0.0557,75.0,0.1048,-100.7099991,43.8699989,1.5599999,2116.0,0.0,0b0000100001000100,0b00,VI produced with good quality,0b0001,Lower quality,0b01,Low,0b0,No,0b0,No,0b0,No,0b001,Land (Nothing else but land),0b0,No,0b0,No,0b00000000000000000000000000000000,0b00000000000000000000000000000000,"Good data, use with confidence"
40.1547789,-88.580707,2022-03-30,h11v04,2362.0,551.0,-0.0162,0.1203,-0.0149,0.831,0.8546,89.0,0.8562,50.3499985,39.9699974,19.0100002,2062.0,3.0,0b0000100000001110,0b10,"Pixel produced, but most probably cloudy",0b0011,Decreasing quality (0011),0b00,Climatology,0b0,No,0b0,No,0b0,No,0b001,Land (Nothing else but land),0b0,No,0b0,No,0b00000000000000000000000000000011,0b00000000000000000000000000000011,"Cloudy data, Target not visible, covered with cloud"
40.1547789,-88.580707,2022-04-15,h11v04,2362.0,551.0,0.1468,0.3087,0.2566,0.213,0.0651,116.0,0.126,-133.0699921,29.6599998,19.8400002,2116.0,0.0,0b0000100001000100,0b00,VI produced with good quality,0b0001,Lower quality,0b01,Low,0b0,No,0b0,No,0b0,No,0b001,Land (Nothing else but land),0b0,No,0b0,No,0b00000000000000000000000000000000,0b00000000000000000000000000000000,"Good data, use with confidence"
40.1547789,-88.580707,2022-05-01,h11v04,2362.0,551.0,0.1355,0.2179,0.3291,0.1393,0.0385,127.0,0.0703,-130.4899902,24.9599991,46.5099983,2120.0,1.0,0b0000100001001000,0b00,VI produced with good quality,0b0010,Decreasing quality (0010),0b01,Low,0b0,No,0b0,No,0b0,No,0b001,Land (Nothing else but land),0b0,No,0b0,No,0b00000000000000000000000000000001,0b00000000000000000000000000000001,"Marginal data, Useful, but look at other QA information"
40.1547789,-88.580707,2022-05-17,h11v04,2362.0,551.0,0.1565,0.2757,0.3266,0.1708,0.0464,143.0,0.0867,-132.5699921,21.2700005,49.0099983,2120.0,1.0,0b0000100001001000,0b00,VI produced with good quality,0b0010,Decreasing quality (0010),0b01,Low,0b0,No,0b0,No,0b0,No,0b001,Land (Nothing else but land),0b0,No,0b0,No,0b00000000000000000000000000000001,0b00000000000000000000000000000001,"Marginal data, Useful, but look at other QA information"
40.1547789,-88.580707,2022-06-02,h11v04,2362.0,551.0,0.1671,0.2996,0.3136,0.2029,0.052,155.0,0.106,-142.3300018,21.8500004,20.3899994,2116.0,0.0,0b0000100001000100,0b00,VI produced with good quality,0b0001,Lower quality,0b01,Low,0b0,No,0b0,No,0b0,No,0b001,Land (Nothing else but land),0b0,No,0b0,No,0b00000000000000000000000000000000,0b00000000000000000000000000000000,"Good data, use with confidence"
40.1547789,-88.580707,2022-06-18,h11v04,2362.0,551.0,0.4044,0.1829,0.6625,0.2936,0.0273,169.0,0.0596,-139.8799896,21.9899998,3.4499998,2116.0,0.0,0b0000100001000100,0b00,VI produced with good quality,0b0001,Lower quality,0b01,Low,0b0,No,0b0,No,0b0,No,0b001,Land (Nothing else but land),0b0,No,0b0,No,0b00000000000000000000000000000000,0b00000000000000000000000000000000,"Good data, use with confidence"
40.1547789,-88.580707,2022-07-04,h11v04,2362.0,551.0,0.6658,0.068,0.8831,0.4157,0.0142,194.0,0.0258,-136.6100006,21.4699993,23.8699989,2116.0,0.0,0b0000100001000100,0b00,VI produced with good quality,0b0001,Lower quality,0b01,Low,0b0,No,0b0,No,0b0,No,0b001,Land (Nothing else but land),0b0,No,0b0,No,0b00000000000000000000000000000000,0b00000000000000000000000000000000,"Good data, use with confidence"
40.1547789,-88.580707,2022-07-20,h11v04,2362.0,551.0,0.7237,0.0763,0.9005,0.4586,0.0135,201.0,0.024,-136.3199921,22.9699993,16.3799992,2116.0,0.0,0b0000100001000100,0b00,VI produced with good quality,0b0001,Lower quality,0b01,Low,0b0,No,0b0,No,0b0,No,0b001,Land (Nothing else but land),0b0,No,0b0,No,0b00000000000000000000000000000000,0b00000000000000000000000000000000,"Good data, use with confidence"
40.1547789,-88.580707,2022-08-05,h11v04,2362.0,551.0,0.7857,0.0868,0.8986,0.5228,0.0154,222.0,0.0279,40.6899986,29.1599998,8.04,2116.0,0.0,0b0000100001000100,0b00,VI produced with good quality,0b0001,Lower quality,0b01,Low,0b0,No,0b0,No,0b0,No,0b001,Land (Nothing else but land),0b0,No,0b0,No,0b00000000000000000000000000000000,0b00000000000000000000000000000000,"Good data, use with confidence"
40.1547789,-88.580707,2022-08-21,h11v04,2362.0,551.0,0.8092,0.0858,0.8894,0.5554,0.018,243.0,0.0325,44.329998,37.4300003,29.8699989,2116.0,0.0,0b0000100001000100,0b00,VI produced with good quality,0b0001,Lower quality,0b01,Low,0b0,No,0b0,No,0b0,No,0b001,Land (Nothing else but land),0b0,No,0b0,No,0b00000000000000000000000000000000,0b00000000000000000000000000000000,"Good data, use with confidence"
40.1547789,-88.580707,2022-09-06,h11v04,2362.0,551.0,0.7337,0.0747,0.8805,0.4755,0.0186,256.0,0.0302,-127.5999985,38.9699974,29.5999985,2116.0,0.0,0b0000100001000100,0b00,VI produced with good quality,0b0001,Lower quality,0b01,Low,0b0,No,0b0,No,0b0,No,0b001,Land (Nothing else but land),0b0,No,0b0,No,0b00000000000000000000000000000000,0b00000000000000000000000000000000,"Good data, use with confidence"
40.1547789,-88.580707,2022-09-22,h11v04,2362.0,551.0,0.4335,0.1805,0.5302,0.432,0.0668,268.0,0.1326,50.3699989,45.5699997,7.2199998,2116.0,0.0,0b0000100001000100,0b00,VI produced with good quality,0b0001,Lower quality,0b01,Low,0b0,No,0b0,No,0b0,No,0b001,Land (Nothing else but land),0b0,No,0b0,No,0b00000000000000000000000000000000,0b00000000000000000000000000000000,"Good data, use with confidence"
40.1547789,-88.580707,2022-10-08,h11v04,2362.0,551.0,0.2249,0.2486,0.3078,0.3454,0.0847,282.0,0.1828,48.7199974,51.7700005,21.2099991,2116.0,0.0,0b0000100001000100,0b00,VI produced with good quality,0b0001,Lower quality,0b01,Low,0b0,No,0b0,No,0b0,No,0b001,Land (Nothing else but land),0b0,No,0b0,No,0b00000000000000000000000000000000,0b00000000000000000000000000000000,"Good data, use with confidence"
40.1547789,-88.580707,2022-10-24,h11v04,2362.0,551.0,0.1077,0.2367,0.2149,0.1605,0.062,307.0,0.1037,-124.7099991,58.9499969,6.4099998,2116.0,0.0,0b0000100001000100,0b00,VI produced with good quality,0b0001,Lower quality,0b01,Low,0b0,No,0b0,No,0b0,No,0b001,Land (Nothing else but land),0b0,No,0b0,No,0b00000000000000000000000000000000,0b00000000000000000000000000000000,"Good data, use with confidence"
40.1547789,-88.580707,2022-11-09,h11v04,2362.0,551.0,0.1319,0.3006,0.2335,0.2031,0.0671,326.0,0.1262,53.6100006,65.4300003,33.8899994,2120.0,0.0,0b0000100001001000,0b00,VI produced with good quality,0b0010,Decreasing quality (0010),0b01,Low,0b0,No,0b0,No,0b0,No,0b001,Land (Nothing else but land),0b0,No,0b0,No,0b00000000000000000000000000000000,0b00000000000000000000000000000000,"Good data, use with confidence"
40.1547789,-88.580707,2022-11-25,h11v04,2362.0,551.0,0.1081,0.213,0.2455,0.1476,0.0451,337.0,0.0894,-121.7399979,65.1800003,5.3199997,2120.0,0.0,0b0000100001001000,0b00,VI produced with good quality,0b0010,Decreasing quality (0010),0b01,Low,0b0,No,0b0,No,0b0,No,0b001,Land (Nothing else but land),0b0,No,0b0,No,0b00000000000000000000000000000000,0b00000000000000000000000000000000,"Good data, use with confidence"
40.1547789,-88.580707,2022-12-11,h11v04,2362.0,551.0,0.1409,0.2862,0.2548,0.2058,0.0608,354.0,0.1222,57.0699997,68.5899963,49.2999992,2193.0,1.0,0b0000100010010001,0b01,"VI produced, but check other QA",0b0100,Decreasing quality (0100),0b10,Average,0b0,No,0b0,No,0b0,No,0b001,Land (Nothing else but land),0b0,No,0b0,No,0b00000000000000000000000000000001,0b00000000000000000000000000000001,"Marginal data, Useful, but look at other QA information"
40.1547789,-88.580707,2022-12-27,h11v04,2362.0,551.0,0.1004,0.1241,0.2812,0.1148,0.0329,365.0,0.0644,58.1599998,66.0299988,17.7399998,2120.0,0.0,0b0000100001001000,0b00,VI produced with good quality,0b0010,Decreasing quality (0010),0b01,Low,0b0,No,0b0,No,0b0,No,0b001,Land (Nothing else but land),0b0,No,0b0,No,0b00000000000000000000000000000000,0b00000000000000000000000000000000,"Good data, use with confidence"
40.1547789,-88.580707,2023-01-09,h11v04,2362.0,551.0,0.1164,0.2351,0.2503,0.1623,0.049,10.0,0.0973,57.9599991,67.1399994,56.8099976,2126.0,3.0,0b0000100001001110,0b10,"Pixel produced, but most probably cloudy",0b0011,Decreasing quality (0011),0b01,Low,0b0,No,0b0,No,0b0,No,0b001,Land (Nothing else but land),0b0,No,0b0,No,0b00000000000000000000000000000011,0b00000000000000000000000000000011,"Cloudy data, Target not visible, covered with cloud"
40.1547789,-88.580707,2023-01-25,h11v04,2362.0,551.0,0.0986,0.1705,0.2567,0.1231,0.038,32.0,0.0728,-116.6299973,58.6599998,12.0199995,2116.0,0.0,0b0000100001000100,0b00,VI produced with good quality,0b0001,Lower quality,0b01,Low,0b0,No,0b0,No,0b0,No,0b001,Land (Nothing else but land),0b0,No,0b0,No,0b00000000000000000000000000000000,0b00000000000000000000000000000000,"Good data, use with confidence"
40.1547789,-88.580707,2023-02-10,h11v04,2362.0,551.0,0.1183,0.249,0.266,0.153,0.0436,44.0,0.0887,59.3199997,56.0900002,20.3799992,2116.0,0.0,0b0000100001000100,0b00,VI produced with good quality,0b0001,Lower quality,0b01,Low,0b0,No,0b0,No,0b0,No,0b001,Land (Nothing else but land),0b0,No,0b0,No,0b00000000000000000000000000000000,0b00000000000000000000000000000000,"Good data, use with confidence"
40.1547789,-88.580707,2023-02-26,h11v04,2362.0,551.0,0.1056,0.1728,0.2683,0.1276,0.0388,64.0,0.0736,-118.1800003,47.0099983,41.4099998,2189.0,1.0,0b0000100010001101,0b01,"VI produced, but check other QA",0b0011,Decreasing quality (0011),0b10,Average,0b0,No,0b0,No,0b0,No,0b001,Land (Nothing else but land),0b0,No,0b0,No,0b00000000000000000000000000000001,0b00000000000000000000000000000001,"Marginal data, Useful, but look at other QA information"
40.1547789,-88.580707,2023-03-14,h11v04,2362.0,551.0,0.1559,0.3672,0.266,0.2234,0.066,79.0,0.1295,49.5599976,44.9799995,31.4399986,2185.0,1.0,0b0000100010001001,0b01,"VI produced, but check other QA",0b0010,Decreasing quality (0010),0b10,Average,0b0,No,0b0,No,0b0,No,0b001,Land (Nothing else but land),0b0,No,0b0,No,0b00000000000000000000000000000001,0b00000000000000000000000000000001,"Marginal data, Useful, but look at other QA information"
40.1547789,-88.580707,2023-03-30,h11v04,2362.0,551.0,0.1559,0.3474,0.2835,0.2021,0.0597,102.0,0.1128,40.9599991,36.4899979,10.7600002,2116.0,0.0,0b0000100001000100,0b00,VI produced with good quality,0b0001,Lower quality,0b01,Low,0b0,No,0b0,No,0b0,No,0b001,Land (Nothing else but land),0b0,No,0b0,No,0b00000000000000000000000000000000,0b00000000000000000000000000000000,"Good data, use with confidence"
40.1547789,-88.580707,2023-04-15,h11v04,2362.0,551.0,0.1634,0.3699,0.2913,0.205,0.062,116.0,0.1125,38.3099976,32.7299995,10.8299999,2116.0,0.0,0b0000100001000100,0b00,VI produced with good quality,0b0001,Lower quality,0b01,Low,0b0,No,0b0,No,0b0,No,0b001,Land (Nothing else but land),0b0,No,0b0,No,0b00000000000000000000000000000000,0b00000000000000000000000000000000,"Good data, use with confidence"
40.1547789,-88.580707,2023-05-01,h11v04,2362.0,551.0,0.1747,0.3868,0.295,0.223,0.0664,123.0,0.1214,32.2299995,31.0499992,10.3999996,2116.0,0.0,0b0000100001000100,0b00,VI produced with good quality,0b0001,Lower quality,0b01,Low,0b0,No,0b0,No,0b0,No,0b001,Land (Nothing else but land),0b0,No,0b0,No,0b00000000000000000000000000000000,0b00000000000000000000000000000000,"Good data, use with confidence"
40.1547789,-88.580707,2023-05-17,h11v04,2362.0,551.0,0.2251,0.3509,0.3701,0.2441,0.0604,146.0,0.1122,-147.9400024,24.5900002,18.3699989,2116.0,0.0,0b0000100001000100,0b00,VI produced with good quality,0b0001,Lower quality,0b01,Low,0b0,No,0b0,No,0b0,No,0b001,Land (Nothing else but land),0b0,No,0b0,No,0b00000000000000000000000000000000,0b00000000000000000000000000000000,"Good data, use with confidence"
40.1547789,-88.580707,2023-06-02,h11v04,2362.0,551.0,0.2953,0.2893,0.5109,0.2416,0.0437,153.0,0.0782,-146.9700012,23.5599995,19.6599998,2116.0,0.0,0b0000100001000100,0b00,VI produced with good quality,0b0001,Lower quality,0b01,Low,0b0,No,0b0,No,0b0,No,0b001,Land (Nothing else but land),0b0,No,0b0,No,0b00000000000000000000000000000000,0b00000000000000000000000000000000,"Good data, use with confidence"
40.1547789,-88.580707,2023-06-18,h11v04,2362.0,551.0,0.5719,0.1837,0.8058,0.3684,0.0225,172.0,0.0396,33.7900009,23.8299999,1.27,2116.0,0.0,0b0000100001000100,0b00,VI produced with good quality,0b0001,Lower quality,0b01,Low,0b0,No,0b0,No,0b0,No,0b001,Land (Nothing else but land),0b0,No,0b0,No,0b00000000000000000000000000000000,0b00000000000000000000000000000000,"Good data, use with confidence"
40.1547789,-88.580707,2023-07-04,h11v04,2362.0,551.0,0.7667,0.0479,0.9345,0.4789,0.009,195.0,0.0162,-142.1600037,22.4300003,30.1399994,2116.0,0.0,0b0000100001000100,0b00,VI produced with good quality,0b0001,Lower quality,0b01,Low,0b0,No,0b0,No,0b0,No,0b001,Land (Nothing else but land),0b0,No,0b0,No,0b00000000000000000000000000000000,0b00000000000000000000000000000000,"Good data, use with confidence"
40.1547789,-88.580707,2023-07-20,h11v04,2362.0,551.0,0.7816,0.0664,0.9179,0.5075,0.0112,212.0,0.0217,32.8400002,28.4599991,12.7399998,2116.0,0.0,0b0000100001000100,0b00,VI produced with good quality,0b0001,Lower quality,0b01,Low,0b0,No,0b0,No,0b0,No,0b001,Land (Nothing else but land),0b0,No,0b0,No,0b00000000000000000000000000000000,0b00000000000000000000000000000000,"Good data, use with confidence"
40.1547789,-88.580707,2023-08-05,h11v04,2362.0,551.0,0.7609,0.0536,0.9335,0.4769,0.0083,228.0,0.0164,-136.25,30.5,20.5599995,2116.0,0.0,0b0000100001000100,0b00,VI produced with good quality,0b0001,Lower quality,0b01,Low,0b0,No,0b0,No,0b0,No,0b001,Land (Nothing else but land),0b0,No,0b0,No,0b00000000000000000000000000000000,0b00000000000000000000000000000000,"Good data, use with confidence"
40.1547789,-88.580707,2023-08-21,h11v04,2362.0,551.0,0.5682,0.0815,0.7657,0.3904,0.0282,245.0,0.0518,39.0499992,38.9399986,21.1199989,2116.0,0.0,0b0000100001000100,0b00,VI produced with good quality,0b0001,Lower quality,0b01,Low,0b0,No,0b0,No,0b0,No,0b001,Land (Nothing else but land),0b0,No,0b0,No,0b00000000000000000000000000000000,0b00000000000000000000000000000000,"Good data, use with confidence"
40.1547789,-88.580707,2023-09-06,h11v04,2362.0,551.0,0.4737,0.1003,0.6488,0.3808,0.0381,252.0,0.0811,42.2799988,41.2599983,17.1800003,2116.0,0.0,0b0000100001000100,0b00,VI produced with good quality,0b0001,Lower quality,0b01,Low,0b0,No,0b0,No,0b0,No,0b001,Land (Nothing else but land),0b0,No,0b0,No,0b00000000000000000000000000000000,0b00000000000000000000000000000000,"Good data, use with confidence"
40.1547789,-88.580707,2023-09-22,h11v04,2362.0,551.0,0.1461,0.1609,0.307,0.1671,0.0474,273.0,0.0886,49.9099998,48.579998,3.0699999,2116.0,0.0,0b0000100001000100,0b00,VI produced with good quality,0b0001,Lower quality,0b01,Low,0b0,No,0b0,No,0b0,No,0b001,Land (Nothing else but land),0b0,No,0b0,No,0b00000000000000000000000000000000,0b00000000000000000000000000000000,"Good data, use with confidence"
40.1547789,-88.580707,2023-10-08,h11v04,2362.0,551.0,0.1758,0.308,0.261,0.2891,0.0805,283.0,0.1694,43.75,55.079998,41.0099983,2120.0,0.0,0b0000100001001000,0b00,VI produced with good quality,0b0010,Decreasing quality (0010),0b01,Low,0b0,No,0b0,No,0b0,No,0b001,Land (Nothing else but land),0b0,No,0b0,No,0b00000000000000000000000000000000,0b00000000000000000000000000000000,"Good data, use with confidence"
40.1547789,-88.580707,2023-10-24,h11v04,2362.0,551.0,0.1258,0.2291,0.2572,0.1701,0.052,306.0,0.1005,-134.75,60.1099968,0.45,2120.0,0.0,0b0000100001001000,0b00,VI produced with good quality,0b0010,Decreasing quality (0010),0b01,Low,0b0,No,0b0,No,0b0,No,0b001,Land (Nothing else but land),0b0,No,0b0,No,0b00000000000000000000000000000000,0b00000000000000000000000000000000,"Good data, use with confidence"
40.1547789,-88.580707,2023-11-09,h11v04,2362.0,551.0,0.0966,0.1275,0.2712,0.1167,0.0306,327.0,0.0669,-126.6199951,64.0999985,22.6599998,2120.0,0.0,0b0000100001001000,0b00,VI produced with good quality,0b0010,Decreasing quality (0010),0b01,Low,0b0,No,0b0,No,0b0,No,0b001,Land (Nothing else but land),0b0,No,0b0,No,0b00000000000000000000000000000000,0b00000000000000000000000000000000,"Good data, use with confidence"
40.1547789,-88.580707,2023-11-25,h11v04,2362.0,551.0,0.1016,0.1503,0.2712,0.1242,0.033,329.0,0.0712,-125.2099991,63.3899994,43.4300003,2124.0,0.0,0b0000100001001100,0b00,VI produced with good quality,0b0011,Decreasing quality (0011),0b01,Low,0b0,No,0b0,No,0b0,No,0b001,Land (Nothing else but land),0b0,No,0b0,No,0b00000000000000000000000000000000,0b00000000000000000000000000000000,"Good data, use with confidence"
40.1547789,-88.580707,2023-12-11,h11v04,2362.0,551.0,0.0942,0.2004,0.2374,0.1269,0.0405,346.0,0.0782,-124.7999954,66.3099976,20.289999,2120.0,0.0,0b0000100001001000,0b00,VI produced with good quality,0b0010,Decreasing quality (0010),0b01,Low,0b0,No,0b0,No,0b0,No,0b001,Land (Nothing else but land),0b0,No,0b0,No,0b00000000000000000000000000000000,0b00000000000000000000000000000000,"Good data, use with confidence"
40.1547789,-88.580707,2023-12-27,h11v04,2362.0,551.0,0.1263,0.234,0.256,0.1771,0.056,364.0,0.1049,53.25,70.6399994,59.9799995,3162.0,3.0,0b0000110001011010,0b10,"Pixel produced, but most probably cloudy",0b0110,Decreasing quality (0110),0b01,Low,0b0,No,0b0,No,0b1,Yes,0b001,Land (Nothing else but land),0b0,No,0b0,No,0b00000000000000000000000000000011,0b00000000000000000000000000000011,"Cloudy data, Target not visible, covered with cloud"
40.1547789,-88.580707,2024-01-09,h11v04,2362.0,551.0,0.1319,0.2773,0.2145,0.2414,0.0858,18.0,0.1561,53.6599998,67.5199966,59.4099998,2194.0,3.0,0b0000100010010010,0b10,"Pixel produced, but most probably cloudy",0b0100,Decreasing quality (0100),0b10,Average,0b0,No,0b0,No,0b0,No,0b001,Land (Nothing else but land),0b0,No,0b0,No,0b00000000000000000000000000000011,0b00000000000000000000000000000011,"Cloudy data, Target not visible, covered with cloud"
40.1547789,-88.580707,2024-01-25,h11v04,2362.0,551.0,0.0968,0.1544,0.2526,0.1242,0.0368,36.0,0.0741,49.0299988,59.1699982,3.8199999,2116.0,0.0,0b0000100001000100,0b00,VI produced with good quality,0b0001,Lower quality,0b01,Low,0b0,No,0b0,No,0b0,No,0b001,Land (Nothing else but land),0b0,No,0b0,No,0b00000000000000000000000000000000,0b00000000000000000000000000000000,"Good data, use with confidence"
40.1547789,-88.580707,2024-02-10,h11v04,2362.0,551.0,0.1011,0.2146,0.2466,0.1342,0.0411,43.0,0.0811,-120.0999985,56.6100006,7.8599997,2116.0,0.0,0b0000100001000100,0b00,VI produced with good quality,0b0001,Lower quality,0b01,Low,0b0,No,0b0,No,0b0,No,0b001,Land (Nothing else but land),0b0,No,0b0,No,0b00000000000000000000000000000000,0b00000000000000000000000000000000,"Good data, use with confidence"
40.1547789,-88.580707,2024-02-26,h11v04,2362.0,551.0,0.117,0.2798,0.2406,0.1678,0.0525,62.0,0.1027,-127.0499954,50.0499992,14.7199993,2116.0,0.0,0b0000100001000100,0b00,VI produced with good quality,0b0001,Lower quality,0b01,Low,0b0,No,0b0,No,0b0,No,0b001,Land (Nothing else but land),0b0,No,0b0,No,0b00000000000000000000000000000000,0b00000000000000000000000000000000,"Good data, use with confidence"
40.1547789,-88.580707,2024-03-13,h11v04,2362.0,551.0,0.1438,0.3585,0.2546,0.2069,0.0646,79.0,0.1229,40.5999985,45.3699989,5.8899999,2116.0,0.0,0b0000100001000100,0b00,VI produced with good quality,0b0001,Lower quality,0b01,Low,0b0,No,0b0,No,0b0,No,0b001,Land (Nothing else but land),0b0,No,0b0,No,0b00000000000000000000000000000000,0b00000000000000000000000000000000,"Good data, use with confidence"
40.1547789,-88.580707,2024-03-29,h11v04,2362.0,551.0,0.1421,0.2608,0.2641,0.2015,0.0566,103.0,0.1173,35.4099998,38.5299988,10.0199995,2116.0,0.0,0b0000100001000100,0b00,VI produced with good quality,0b0001,Lower quality,0b01,Low,0b0,No,0b0,No,0b0,No,0b001,Land (Nothing else but land),0b0,No,0b0,No,0b00000000000000000000000000000000,0b00000000000000000000000000000000,"Good data, use with confidence"
40.1547789,-88.580707,2024-04-14,h11v04,2362.0,551.0,0.1592,0.2163,0.2799,0.2062,0.0648,110.0,0.116,-147.4599915,35.6800003,4.8800001,2185.0,1.0,0b0000100010001001,0b01,"VI produced, but check other QA",0b0010,Decreasing quality (0010),0b10,Average,0b0,No,0b0,No,0b0,No,0b001,Land (Nothing else but land),0b0,No,0b0,No,0b00000000000000000000000000000001,0b00000000000000000000000000000001,"Marginal data, Useful, but look at other QA information"
40.1547789,-88.580707,2024-04-30,h11v04,2362.0,551.0,0.1436,0.2923,0.2517,0.2088,0.0661,122.0,0.1248,-150.0599976,32.8199997,5.5899997,2445.0,1.0,0b0000100110001101,0b01,"VI produced, but check other QA",0b0011,Decreasing quality (0011),0b10,Average,0b1,Yes,0b0,No,0b0,No,0b001,Land (Nothing else but land),0b0,No,0b0,No,0b00000000000000000000000000000001,0b00000000000000000000000000000001,"Marginal data, Useful, but look at other QA information"
40.1547789,-88.580707,2024-05-16,h11v04,2362.0,551.0,0.1757,0.4003,0.2983,0.2241,0.0647,151.0,0.1211,23.7299995,28.7099991,2.6099999,2116.0,0.0,0b0000100001000100,0b00,VI produced with good quality,0b0001,Lower quality,0b01,Low,0b0,No,0b0,No,0b0,No,0b001,Land (Nothing else but land),0b0,No,0b0,No,0b00000000000000000000000000000000,0b00000000000000000000000000000000,"Good data, use with confidence"
40.1547789,-88.580707,2024-06-01,h11v04,2362.0,551.0,0.2225,0.3653,0.3576,0.2515,0.0636,163.0,0.119,-146.5800018,27.1999989,2.5,2116.0,0.0,0b0000100001000100,0b00,VI produced with good quality,0b0001,Lower quality,0b01,Low,0b0,No,0b0,No,0b0,No,0b001,Land (Nothing else but land),0b0,No,0b0,No,0b00000000000000000000000000000000,0b00000000000000000000000000000000,"Good data, use with confidence"
40.1547789,-88.580707,2024-06-17,h11v04,2362.0,551.0,0.4084,0.1653,0.7039,0.2705,0.0246,182.0,0.047,-155.769989,24.7299995,25.8699989,2116.0,0.0,0b0000100001000100,0b00,VI produced with good quality,0b0001,Lower quality,0b01,Low,0b0,No,0b0,No,0b0,No,0b001,Land (Nothing else but land),0b0,No,0b0,No,0b00000000000000000000000000000000,0b00000000000000000000000000000000,"Good data, use with confidence"
40.1547789,-88.580707,2024-07-03,h11v04,2362.0,551.0,0.7103,0.0753,0.9164,0.4381,0.0104,199.0,0.0191,-152.4899902,26.5499992,21.6499996,2116.0,0.0,0b0000100001000100,0b00,VI produced with good quality,0b0001,Lower quality,0b01,Low,0b0,No,0b0,No,0b0,No,0b001,Land (Nothing else but land),0b0,No,0b0,No,0b00000000000000000000000000000000,0b00000000000000000000000000000000,"Good data, use with confidence"
40.1547789,-88.580707,2024-07-19,h11v04,2362.0,551.0,0.8245,0.062,0.8983999,0.5647,0.0167,208.0,0.0302,-142.2399902,24.4899998,54.7099991,2261.0,1.0,0b0000100011010101,0b01,"VI produced, but check other QA",0b0101,Decreasing quality (0101),0b11,High,0b0,No,0b0,No,0b0,No,0b001,Land (Nothing else but land),0b0,No,0b0,No,0b00000000000000000000000000000001,0b00000000000000000000000000000001,"Marginal data, Useful, but look at other QA information"
40.1547789,-88.580707,2024-08-04,h11v04,2362.0,551.0,0.8215,0.1081,0.8541,0.5887,0.0288,224.0,0.0463,27.6099987,36.3099976,32.2599983,2185.0,1.0,0b0000100010001001,0b01,"VI produced, but check other QA",0b0010,Decreasing quality (0010),0b10,Average,0b0,No,0b0,No,0b0,No,0b001,Land (Nothing else but land),0b0,No,0b0,No,0b00000000000000000000000000000001,0b00000000000000000000000000000001,"Marginal data, Useful, but look at other QA information"
40.1547789,-88.580707,2024-08-20,h11v04,2362.0,551.0,0.5392,0.1211,0.779,0.3526,0.0245,238.0,0.0438,-144.2299957,37.1499977,9.9299994,2116.0,0.0,0b0000100001000100,0b00,VI produced with good quality,0b0001,Lower quality,0b01,Low,0b0,No,0b0,No,0b0,No,0b001,Land (Nothing else but land),0b0,No,0b0,No,0b00000000000000000000000000000000,0b00000000000000000000000000000000,"Good data, use with confidence"
40.1547789,-88.580707,2024-09-05,h11v04,2362.0,551.0,0.4847,0.2245,0.5852,0.4456,0.0598,263.0,0.1166,35.3800011,49.6199989,32.4399986,2116.0,0.0,0b0000100001000100,0b00,VI produced with good quality,0b0001,Lower quality,0b01,Low,0b0,No,0b0,No,0b0,No,0b001,Land (Nothing else but land),0b0,No,0b0,No,0b00000000000000000000000000000000,0b00000000000000000000000000000000,"Good data, use with confidence"
