Latitude,Longitude,Date,MODIS_Tile,MOD13A1_061_Line_Y_500m,MOD13A1_061_Sample_X_500m,MOD13A1_061__500m_16_days_EVI,MOD13A1_061__500m_16_days_MIR_reflectance,MOD13A1_061__500m_16_days_NDVI,MOD13A1_061__500m_16_days_NIR_reflectance,MOD13A1_061__500m_16_days_blue_reflectance,MOD13A1_061__500m_16_days_composite_day_of_the_year,MOD13A1_061__500m_16_days_red_reflectance,MOD13A1_061__500m_16_days_relative_azimuth_angle,MOD13A1_061__500m_16_days_sun_zenith_angle,MOD13A1_061__500m_16_days_view_zenith_angle,MOD13A1_061__500m_16_days_VI_Quality,MOD13A1_061__500m_16_days_pixel_reliability,MOD13A1_061__500m_16_days_VI_Quality_bitmask,MOD13A1_061__500m_16_days_VI_Quality_MODLAND,MOD13A1_061__500m_16_days_VI_Quality_MODLAND_Description,MOD13A1_061__500m_16_days_VI_Quality_VI_Usefulness,MOD13A1_061__500m_16_days_VI_Quality_VI_Usefulness_Description,MOD13A1_061__500m_16_days_VI_Quality_Aerosol_Quantity,MOD13A1_061__500m_16_days_VI_Quality_Aerosol_Quantity_Description,MOD13A1_061__500m_16_days_VI_Quality_Adjacent_cloud_detected,MOD13A1_061__500m_16_days_VI_Quality_Adjacent_cloud_detected_Description,MOD13A1_061__500m_16_days_VI_Quality_Atmosphere_BRDF_Correction,MOD13A1_061__500m_16_days_VI_Quality_Atmosphere_BRDF_Correction_Description,MOD13A1_061__500m_16_days_VI_Quality_Mixed_Clouds,MOD13A1_061__500m_16_days_VI_Quality_Mixed_Clouds_Description,MOD13A1_061__500m_16_days_VI_Quality_Land/Water_Mask,MOD13A1_061__500m_16_days_VI_Quality_Land/Water_Mask_Description,MOD13A1_061__500m_16_days_VI_Quality_Possible_snow/ice,MOD13A1_061__500m_16_days_VI_Quality_Possible_snow/ice_Description,MOD13A1_061__500m_16_days_VI_Quality_Possible_shadow,MOD13A1_061__500m_16_days_VI_Quality_Possible_shadow_Description,MOD13A1_061__500m_16_days_pixel_reliability_bitmask,MOD13A1_061__500m_16_days_pixel_reliability_MODLAND,MOD13A1_061__500m_16_days_pixel_reliability_MODLAND_Description
40.1547789,-88.580707,2016-04-06,h11v04,2362.0,551.0,0.1595,0.3977,0.2607,0.2323,0.0725,104.0,0.1362,123.5999985,33.6899986,0.96,2116.0,0.0,0b0000100001000100,0b00,VI produced with good quality,0b0001,Lower quality,0b01,Low,0b0,No,0b0,No,0b0,No,0b001,Land (Nothing else but land),0b0,No,0b0,No,0b00000000000000000000000000000000,0b00000000000000000000000000000000,"Good data, use with confidence"
40.1547789,-88.580707,2016-04-22,h11v04,2362.0,551.0,0.1505,0.3541,0.2873,0.1886,0.0556,115.0,0.1044,-44.0999985,31.9099998,30.6599998,2116.0,0.0,0b0000100001000100,0b00,VI produced with good quality,0b0001,Lower quality,0b01,Low,0b0,No,0b0,No,0b0,No,0b001,Land (Nothing else but land),0b0,No,0b0,No,0b00000000000000000000000000000000,0b00000000000000000000000000000000,"Good data, use with confidence"
40.1547789,-88.580707,2016-05-08,h11v04,2362.0,551.0,0.1861,0.3899,0.3149,0.2271,0.0634,143.0,0.1183,134.4599915,22.4300003,13.4299994,2116.0,0.0,0b0000100001000100,0b00,VI produced with good quality,0b0001,Lower quality,0b01,Low,0b0,No,0b0,No,0b0,No,0b001,Land (Nothing else but land),0b0,No,0b0,No,0b00000000000000000000000000000000,0b00000000000000000000000000000000,"Good data, use with confidence"
40.1547789,-88.580707,2016-05-24,h11v04,2362.0,551.0,0.4082,0.2286,0.648,0.2931,0.0343,159.0,0.0626,139.3600006,20.6700001,13.6099997,2116.0,0.0,0b0000100001000100,0b00,VI produced with good quality,0b0001,Lower quality,0b01,Low,0b0,No,0b0,No,0b0,No,0b001,Land (Nothing else but land),0b0,No,0b0,No,0b00000000000000000000000000000000,0b00000000000000000000000000000000,"Good data, use with confidence"
40.1547789,-88.580707,2016-06-09,h11v04,2362.0,551.0,0.6592,0.1041,0.8387,0.4368,0.0207,170.0,0.0383,-32.5499992,22.8599987,19.9599991,2116.0,0.0,0b0000100001000100,0b00,VI produced with good quality,0b0001,Lower quality,0b01,Low,0b0,No,0b0,No,0b0,No,0b001,Land (Nothing else but land),0b0,No,0b0,No,0b00000000000000000000000000000000,0b00000000000000000000000000000000,"Good data, use with confidence"
40.1547789,-88.580707,2016-06-25,h11v04,2362.0,551.0,0.7326,0.0621,0.893,0.4724,0.0149,177.0,0.0267,-33.2399979,22.2600002,9.0699997,2116.0,0.0,0b0000100001000100,0b00,VI produced with good quality,0b0001,Lower quality,0b01,Low,0b0,No,0b0,No,0b0,No,0b001,Land (Nothing else but land),0b0,No,0b0,No,0b00000000000000000000000000000000,0b00000000000000000000000000000000,"Good data, use with confidence"
40.1547789,-88.580707,2016-07-11,h11v04,2362.0,551.0,0.6867,0.0342,0.927,0.4171,0.0068,205.0,0.0158,135.0500031,22.7999992,33.0200005,2116.0,0.0,0b0000100001000100,0b00,VI produced with good quality,0b0001,Lower quality,0b01,Low,0b0,No,0b0,No,0b0,No,0b001,Land (Nothing else but land),0b0,No,0b0,No,0b00000000000000000000000000000000,0b00000000000000000000000000000000,"Good data, use with confidence"
40.1547789,-88.580707,2016-07-27,h11v04,2362.0,551.0,0.8155,0.0486,0.9169,0.5449,0.0118,216.0,0.0236,121.2999954,27.0599995,2.22,2116.0,0.0,0b0000100001000100,0b00,VI produced with good quality,0b0001,Lower quality,0b01,Low,0b0,No,0b0,No,0b0,No,0b001,Land (Nothing else but land),0b0,No,0b0,No,0b00000000000000000000000000000000,0b00000000000000000000000000000000,"Good data, use with confidence"
40.1547789,-88.580707,2016-08-12,h11v04,2362.0,551.0,0.4596,0.0731,0.6393,0.3127,0.0532,234.0,0.0688,-43.7000008,32.9300003,20.5200005,35221.0,1.0,0b1000100110010101,0b01,"VI produced, but check other QA",0b0101,Decreasing quality (0101),0b10,Average,0b1,Yes,0b0,No,0b0,No,0b001,Land (Nothing else but land),0b0,No,0b1,Yes,0b00000000000000000000000000000001,0b00000000000000000000000000000001,"Marginal data, Useful, but look at other QA information"
40.1547789,-88.580707,2016-08-28,h11v04,2362.0,551.0,0.2624,0.0994,0.5643,0.1946,0.0243,255.0,0.0542,120.9699936,37.7700005,12.5299997,2116.0,0.0,0b0000100001000100,0b00,VI produced with good quality,0b0001,Lower quality,0b01,Low,0b0,No,0b0,No,0b0,No,0b001,Land (Nothing else but land),0b0,No,0b0,No,0b00000000000000000000000000000000,0b00000000000000000000000000000000,"Good data, use with confidence"
40.1547789,-88.580707,2016-09-13,h11v04,2362.0,551.0,0.1478,0.1207,0.3834,0.138,0.0285,262.0,0.0615,118.9899979,39.8400002,23.0100002,2116.0,0.0,0b0000100001000100,0b00,VI produced with good quality,0b0001,Lower quality,0b01,Low,0b0,No,0b0,No,0b0,No,0b001,Land (Nothing else but land),0b0,No,0b0,No,0b00000000000000000000000000000000,0b00000000000000000000000000000000,"Good data, use with confidence"
40.1547789,-88.580707,2016-09-29,h11v04,2362.0,551.0,0.1254,0.1452,0.2948,0.1515,0.0362,287.0,0.0825,114.0999985,49.2000008,12.6199999,2116.0,0.0,0b0000100001000100,0b00,VI produced with good quality,0b0001,Lower quality,0b01,Low,0b0,No,0b0,No,0b0,No,0b001,Land (Nothing else but land),0b0,No,0b0,No,0b00000000000000000000000000000000,0b00000000000000000000000000000000,"Good data, use with confidence"
40.1547789,-88.580707,2016-10-15,h11v04,2362.0,551.0,0.1633,0.2483,0.2834,0.228,0.0601,298.0,0.1273,-63.3899994,53.8999977,21.0599995,2116.0,0.0,0b0000100001000100,0b00,VI produced with good quality,0b0001,Lower quality,0b01,Low,0b0,No,0b0,No,0b0,No,0b001,Land (Nothing else but land),0b0,No,0b0,No,0b00000000000000000000000000000000,0b00000000000000000000000000000000,"Good data, use with confidence"
40.1547789,-88.580707,2016-10-31,h11v04,2362.0,551.0,0.1291,0.2154,0.2789,0.1584,0.0475,312.0,0.0893,122.5899963,57.6499977,1.15,2116.0,0.0,0b0000100001000100,0b00,VI produced with good quality,0b0001,Lower quality,0b01,Low,0b0,No,0b0,No,0b0,No,0b001,Land (Nothing else but land),0b0,No,0b0,No,0b00000000000000000000000000000000,0b00000000000000000000000000000000,"Good data, use with confidence"
40.1547789,-88.580707,2016-11-16,h11v04,2362.0,551.0,0.1372,0.2287,0.2614,0.1894,0.0566,321.0,0.1109,-63.8999977,60.3499985,10.25,2120.0,0.0,0b0000100001001000,0b00,VI produced with good quality,0b0010,Decreasing quality (0010),0b01,Low,0b0,No,0b0,No,0b0,No,0b001,Land (Nothing else but land),0b0,No,0b0,No,0b00000000000000000000000000000000,0b00000000000000000000000000000000,"Good data, use with confidence"
40.1547789,-88.580707,2016-12-02,h11v04,2362.0,551.0,0.1169,0.1216,0.256,0.1599,0.0445,342.0,0.0947,113.8099976,63.5599976,23.1000004,2261.0,1.0,0b0000100011010101,0b01,"VI produced, but check other QA",0b0101,Decreasing quality (0101),0b11,High,0b0,No,0b0,No,0b0,No,0b001,Land (Nothing else but land),0b0,No,0b0,No,0b00000000000000000000000000000001,0b00000000000000000000000000000001,"Marginal data, Useful, but look at other QA information"
40.1547789,-88.580707,2016-12-18,h11v04,2362.0,551.0,0.1121,0.1959,0.2487,0.1531,0.0462,1.0,0.0921,115.6299973,64.5699997,12.5199995,2120.0,0.0,0b0000100001001000,0b00,VI produced with good quality,0b0010,Decreasing quality (0010),0b01,Low,0b0,No,0b0,No,0b0,No,0b001,Land (Nothing else but land),0b0,No,0b0,No,0b00000000000000000000000000000000,0b00000000000000000000000000000000,"Good data, use with confidence"
40.1547789,-88.580707,2017-01-01,h11v04,2362.0,551.0,0.1121,0.1959,0.2487,0.1531,0.0462,1.0,0.0921,115.6299973,64.5699997,12.5199995,2120.0,0.0,0b0000100001001000,0b00,VI produced with good quality,0b0010,Decreasing quality (0010),0b01,Low,0b0,No,0b0,No,0b0,No,0b001,Land (Nothing else but land),0b0,No,0b0,No,0b00000000000000000000000000000000,0b00000000000000000000000000000000,"Good data, use with confidence"
40.1547789,-88.580707,2017-01-17,h11v04,2362.0,551.0,0.1149,0.1527,0.2463,0.1581,0.0496,21.0,0.0956,-58.1299973,63.5599976,30.9399986,2120.0,0.0,0b0000100001001000,0b00,VI produced with good quality,0b0010,Decreasing quality (0010),0b01,Low,0b0,No,0b0,No,0b0,No,0b001,Land (Nothing else but land),0b0,No,0b0,No,0b00000000000000000000000000000000,0b00000000000000000000000000000000,"Good data, use with confidence"
40.1547789,-88.580707,2017-02-02,h11v04,2362.0,551.0,0.1403,0.2918,0.2616,0.1953,0.0584,46.0,0.1143,-53.6999969,57.4899979,39.1599998,2116.0,0.0,0b0000100001000100,0b00,VI produced with good quality,0b0001,Lower quality,0b01,Low,0b0,No,0b0,No,0b0,No,0b001,Land (Nothing else but land),0b0,No,0b0,No,0b00000000000000000000000000000000,0b00000000000000000000000000000000,"Good data, use with confidence"
40.1547789,-88.580707,2017-02-18,h11v04,2362.0,551.0,0.1128,0.249,0.2502,0.1489,0.0485,63.0,0.0893,121.6199951,48.0099983,32.1699982,2116.0,0.0,0b0000100001000100,0b00,VI produced with good quality,0b0001,Lower quality,0b01,Low,0b0,No,0b0,No,0b0,No,0b001,Land (Nothing else but land),0b0,No,0b0,No,0b00000000000000000000000000000000,0b00000000000000000000000000000000,"Good data, use with confidence"
40.1547789,-88.580707,2017-03-06,h11v04,2362.0,551.0,0.1426,0.2869,0.2519,0.2097,0.0643,78.0,0.1253,-49.3400002,45.7199974,39.25,2116.0,0.0,0b0000100001000100,0b00,VI produced with good quality,0b0001,Lower quality,0b01,Low,0b0,No,0b0,No,0b0,No,0b001,Land (Nothing else but land),0b0,No,0b0,No,0b00000000000000000000000000000000,0b00000000000000000000000000000000,"Good data, use with confidence"
40.1547789,-88.580707,2017-03-22,h11v04,2362.0,551.0,0.1392,0.3179,0.2452,0.2117,0.0645,83.0,0.1283,-52.9799995,41.9399986,10.4299994,2116.0,0.0,0b0000100001000100,0b00,VI produced with good quality,0b0001,Lower quality,0b01,Low,0b0,No,0b0,No,0b0,No,0b001,Land (Nothing else but land),0b0,No,0b0,No,0b00000000000000000000000000000000,0b00000000000000000000000000000000,"Good data, use with confidence"
40.1547789,-88.580707,2017-04-07,h11v04,2362.0,551.0,0.1374,0.2471,0.2584,0.1882,0.0597,97.0,0.1109,123.8799973,35.4599991,12.3599997,2116.0,0.0,0b0000100001000100,0b00,VI produced with good quality,0b0001,Lower quality,0b01,Low,0b0,No,0b0,No,0b0,No,0b001,Land (Nothing else but land),0b0,No,0b0,No,0b00000000000000000000000000000000,0b00000000000000000000000000000000,"Good data, use with confidence"
40.1547789,-88.580707,2017-04-23,h11v04,2362.0,551.0,0.1397,0.2776,0.2659,0.1823,0.0595,127.0,0.1057,126.7799988,24.6800003,32.1699982,2116.0,0.0,0b0000100001000100,0b00,VI produced with good quality,0b0001,Lower quality,0b01,Low,0b0,No,0b0,No,0b0,No,0b001,Land (Nothing else but land),0b0,No,0b0,No,0b00000000000000000000000000000000,0b00000000000000000000000000000000,"Good data, use with confidence"
40.1547789,-88.580707,2017-05-09,h11v04,2362.0,551.0,0.1745,0.2898,0.2981,0.2227,0.064,142.0,0.1204,-34.3600006,26.3599987,39.25,2116.0,0.0,0b0000100001000100,0b00,VI produced with good quality,0b0001,Lower quality,0b01,Low,0b0,No,0b0,No,0b0,No,0b001,Land (Nothing else but land),0b0,No,0b0,No,0b00000000000000000000000000000000,0b00000000000000000000000000000000,"Good data, use with confidence"
40.1547789,-88.580707,2017-05-25,h11v04,2362.0,551.0,0.2082,0.4179,0.3146,0.267,0.0757,156.0,0.1392,-34.0499992,23.2299995,21.25,2116.0,0.0,0b0000100001000100,0b00,VI produced with good quality,0b0001,Lower quality,0b01,Low,0b0,No,0b0,No,0b0,No,0b001,Land (Nothing else but land),0b0,No,0b0,No,0b00000000000000000000000000000000,0b00000000000000000000000000000000,"Good data, use with confidence"
40.1547789,-88.580707,2017-06-10,h11v04,2362.0,551.0,0.3031,0.2867,0.4645,0.2883,0.055,170.0,0.1054,116.2099991,21.2999992,1.1799999,2116.0,0.0,0b0000100001000100,0b00,VI produced with good quality,0b0001,Lower quality,0b01,Low,0b0,No,0b0,No,0b0,No,0b001,Land (Nothing else but land),0b0,No,0b0,No,0b00000000000000000000000000000000,0b00000000000000000000000000000000,"Good data, use with confidence"
40.1547789,-88.580707,2017-06-26,h11v04,2362.0,551.0,0.4445,0.1694,0.7112,0.3029,0.0258,184.0,0.0511,139.5,20.6099987,22.8299999,2116.0,0.0,0b0000100001000100,0b00,VI produced with good quality,0b0001,Lower quality,0b01,Low,0b0,No,0b0,No,0b0,No,0b001,Land (Nothing else but land),0b0,No,0b0,No,0b00000000000000000000000000000000,0b00000000000000000000000000000000,"Good data, use with confidence"
40.1547789,-88.580707,2017-07-12,h11v04,2362.0,551.0,0.6502,0.0802,0.888,0.4098,0.0098,200.0,0.0243,137.4299927,22.7299995,23.1000004,2116.0,0.0,0b0000100001000100,0b00,VI produced with good quality,0b0001,Lower quality,0b01,Low,0b0,No,0b0,No,0b0,No,0b001,Land (Nothing else but land),0b0,No,0b0,No,0b00000000000000000000000000000000,0b00000000000000000000000000000000,"Good data, use with confidence"
40.1547789,-88.580707,2017-07-28,h11v04,2362.0,551.0,0.8473,0.0708,0.9342,0.5615,0.0101,220.0,0.0191,-39.6800003,29.6499996,20.6999989,2116.0,0.0,0b0000100001000100,0b00,VI produced with good quality,0b0001,Lower quality,0b01,Low,0b0,No,0b0,No,0b0,No,0b001,Land (Nothing else but land),0b0,No,0b0,No,0b00000000000000000000000000000000,0b00000000000000000000000000000000,"Good data, use with confidence"
40.1547789,-88.580707,2017-08-13,h11v04,2362.0,551.0,0.7727,0.0534,0.9225,0.4868,0.0124,225.0,0.0196,131.3499908,28.8099995,12.9799995,2116.0,0.0,0b0000100001000100,0b00,VI produced with good quality,0b0001,Lower quality,0b01,Low,0b0,No,0b0,No,0b0,No,0b001,Land (Nothing else but land),0b0,No,0b0,No,0b00000000000000000000000000000000,0b00000000000000000000000000000000,"Good data, use with confidence"
40.1547789,-88.580707,2017-08-29,h11v04,2362.0,551.0,0.7893,0.0663,0.8929,0.5251,0.0179,248.0,0.0297,122.3899994,35.2199974,23.6499996,2116.0,0.0,0b0000100001000100,0b00,VI produced with good quality,0b0001,Lower quality,0b01,Low,0b0,No,0b0,No,0b0,No,0b001,Land (Nothing else but land),0b0,No,0b0,No,0b00000000000000000000000000000000,0b00000000000000000000000000000000,"Good data, use with confidence"
40.1547789,-88.580707,2017-09-14,h11v04,2362.0,551.0,0.2482,0.1344,0.4335,0.2475,0.0436,271.0,0.0978,115.2299957,43.1199989,32.829998,2116.0,0.0,0b0000100001000100,0b00,VI produced with good quality,0b0001,Lower quality,0b01,Low,0b0,No,0b0,No,0b0,No,0b001,Land (Nothing else but land),0b0,No,0b0,No,0b00000000000000000000000000000000,0b00000000000000000000000000000000,"Good data, use with confidence"
40.1547789,-88.580707,2017-09-30,h11v04,2362.0,551.0,0.2497,0.1732,0.4348,0.2539,0.0418,273.0,0.1,115.5599976,44.4199982,13.1700001,2116.0,0.0,0b0000100001000100,0b00,VI produced with good quality,0b0001,Lower quality,0b01,Low,0b0,No,0b0,No,0b0,No,0b001,Land (Nothing else but land),0b0,No,0b0,No,0b00000000000000000000000000000000,0b00000000000000000000000000000000,"Good data, use with confidence"
40.1547789,-88.580707,2017-10-16,h11v04,2362.0,551.0,0.1281,0.2447,0.2778,0.1573,0.0475,291.0,0.0889,-62.4799995,51.4599991,9.79,2116.0,0.0,0b0000100001000100,0b00,VI produced with good quality,0b0001,Lower quality,0b01,Low,0b0,No,0b0,No,0b0,No,0b001,Land (Nothing else but land),0b0,No,0b0,No,0b00000000000000000000000000000000,0b00000000000000000000000000000000,"Good data, use with confidence"
40.1547789,-88.580707,2017-11-01,h11v04,2362.0,551.0,0.1032,0.175,0.2766,0.1202,0.0356,312.0,0.0681,111.7299957,57.4300003,23.1899986,2116.0,0.0,0b0000100001000100,0b00,VI produced with good quality,0b0001,Lower quality,0b01,Low,0b0,No,0b0,No,0b0,No,0b001,Land (Nothing else but land),0b0,No,0b0,No,0b00000000000000000000000000000000,0b00000000000000000000000000000000,"Good data, use with confidence"
40.1547789,-88.580707,2017-11-17,h11v04,2362.0,551.0,0.0922,0.1259,0.3157,0.0921,0.0242,323.0,0.0479,-64.3499985,61.0099983,10.1599998,2120.0,0.0,0b0000100001001000,0b00,VI produced with good quality,0b0010,Decreasing quality (0010),0b01,Low,0b0,No,0b0,No,0b0,No,0b001,Land (Nothing else but land),0b0,No,0b0,No,0b00000000000000000000000000000000,0b00000000000000000000000000000000,"Good data, use with confidence"
40.1547789,-88.580707,2017-12-03,h11v04,2362.0,551.0,0.1371,0.3018,0.2581,0.1879,0.0596,350.0,0.1108,-62.1199989,66.2699966,39.3499985,2120.0,0.0,0b0000100001001000,0b00,VI produced with good quality,0b0010,Decreasing quality (0010),0b01,Low,0b0,No,0b0,No,0b0,No,0b001,Land (Nothing else but land),0b0,No,0b0,No,0b00000000000000000000000000000000,0b00000000000000000000000000000000,"Good data, use with confidence"
40.1547789,-88.580707,2017-12-19,h11v04,2362.0,551.0,0.0941,0.1937,0.2671,0.1117,0.0332,353.0,0.0646,113.4300003,64.7399979,12.1599998,2120.0,0.0,0b0000100001001000,0b00,VI produced with good quality,0b0010,Decreasing quality (0010),0b01,Low,0b0,No,0b0,No,0b0,No,0b001,Land (Nothing else but land),0b0,No,0b0,No,0b00000000000000000000000000000000,0b00000000000000000000000000000000,"Good data, use with confidence"
40.1547789,-88.580707,2018-01-01,h11v04,2362.0,551.0,0.1123,0.2185,0.261,0.1413,0.0448,13.0,0.0828,96.3499985,63.6699982,0.94,2120.0,0.0,0b0000100001001000,0b00,VI produced with good quality,0b0010,Decreasing quality (0010),0b01,Low,0b0,No,0b0,No,0b0,No,0b001,Land (Nothing else but land),0b0,No,0b0,No,0b00000000000000000000000000000000,0b00000000000000000000000000000000,"Good data, use with confidence"
40.1547789,-88.580707,2018-01-17,h11v04,2362.0,551.0,0.0821,0.1245,0.2619,0.0978,0.0313,27.0,0.0572,120.0099945,60.2399979,22.6399994,3158.0,3.0,0b0000110001010110,0b10,"Pixel produced, but most probably cloudy",0b0101,Decreasing quality (0101),0b01,Low,0b0,No,0b0,No,0b1,Yes,0b001,Land (Nothing else but land),0b0,No,0b0,No,0b00000000000000000000000000000011,0b00000000000000000000000000000011,"Cloudy data, Target not visible, covered with cloud"
40.1547789,-88.580707,2018-02-02,h11v04,2362.0,551.0,0.124,0.3209,0.2617,0.1651,0.0485,33.0,0.0966,-55.7099991,61.3799973,39.4399986,2120.0,0.0,0b0000100001001000,0b00,VI produced with good quality,0b0010,Decreasing quality (0010),0b01,Low,0b0,No,0b0,No,0b0,No,0b001,Land (Nothing else but land),0b0,No,0b0,No,0b00000000000000000000000000000000,0b00000000000000000000000000000000,"Good data, use with confidence"
40.1547789,-88.580707,2018-02-18,h11v04,2362.0,551.0,0.1116,0.2115,0.2643,0.1392,0.043,63.0,0.081,-52.5200005,50.3899994,21.4300003,2116.0,0.0,0b0000100001000100,0b00,VI produced with good quality,0b0001,Lower quality,0b01,Low,0b0,No,0b0,No,0b0,No,0b001,Land (Nothing else but land),0b0,No,0b0,No,0b00000000000000000000000000000000,0b00000000000000000000000000000000,"Good data, use with confidence"
40.1547789,-88.580707,2018-03-06,h11v04,2362.0,551.0,0.1026,0.1592,0.2777,0.1173,0.0364,77.0,0.0663,108.6699982,43.8699989,0.91,2116.0,0.0,0b0000100001000100,0b00,VI produced with good quality,0b0001,Lower quality,0b01,Low,0b0,No,0b0,No,0b0,No,0b001,Land (Nothing else but land),0b0,No,0b0,No,0b00000000000000000000000000000000,0b00000000000000000000000000000000,"Good data, use with confidence"
40.1547789,-88.580707,2018-03-22,h11v04,2362.0,551.0,0.1533,0.3943,0.2608,0.2173,0.0688,81.0,0.1274,-48.7700005,44.6100006,39.25,2116.0,0.0,0b0000100001000100,0b00,VI produced with good quality,0b0001,Lower quality,0b01,Low,0b0,No,0b0,No,0b0,No,0b001,Land (Nothing else but land),0b0,No,0b0,No,0b00000000000000000000000000000000,0b00000000000000000000000000000000,"Good data, use with confidence"
40.1547789,-88.580707,2018-04-07,h11v04,2362.0,551.0,0.1504,0.3429,0.2676,0.2034,0.0641,97.0,0.1175,-46.1699982,38.5,38.8699989,2116.0,0.0,0b0000100001000100,0b00,VI produced with good quality,0b0001,Lower quality,0b01,Low,0b0,No,0b0,No,0b0,No,0b001,Land (Nothing else but land),0b0,No,0b0,No,0b00000000000000000000000000000000,0b00000000000000000000000000000000,"Good data, use with confidence"
40.1547789,-88.580707,2018-04-23,h11v04,2362.0,551.0,0.1436,0.3519,0.2786,0.1854,0.0542,125.0,0.1046,119.6999969,26.7999992,2.46,2116.0,0.0,0b0000100001000100,0b00,VI produced with good quality,0b0001,Lower quality,0b01,Low,0b0,No,0b0,No,0b0,No,0b001,Land (Nothing else but land),0b0,No,0b0,No,0b00000000000000000000000000000000,0b00000000000000000000000000000000,"Good data, use with confidence"
40.1547789,-88.580707,2018-05-09,h11v04,2362.0,551.0,0.2307,0.3457,0.3719,0.2521,0.0618,143.0,0.1154,-36.9599991,24.4300003,19.6099987,2116.0,0.0,0b0000100001000100,0b00,VI produced with good quality,0b0001,Lower quality,0b01,Low,0b0,No,0b0,No,0b0,No,0b001,Land (Nothing else but land),0b0,No,0b0,No,0b00000000000000000000000000000000,0b00000000000000000000000000000000,"Good data, use with confidence"
40.1547789,-88.580707,2018-05-25,h11v04,2362.0,551.0,0.42,0.1776,0.6793,0.2933,0.0289,155.0,0.056,134.0099945,20.1800003,24.5799999,2116.0,0.0,0b0000100001000100,0b00,VI produced with good quality,0b0001,Lower quality,0b01,Low,0b0,No,0b0,No,0b0,No,0b001,Land (Nothing else but land),0b0,No,0b0,No,0b00000000000000000000000000000000,0b00000000000000000000000000000000,"Good data, use with confidence"
40.1547789,-88.580707,2018-06-10,h11v04,2362.0,551.0,0.6408,0.1035,0.8366,0.4217,0.0197,166.0,0.0375,-31.4599991,21.8999996,8.3599997,2116.0,0.0,0b0000100001000100,0b00,VI produced with good quality,0b0001,Lower quality,0b01,Low,0b0,No,0b0,No,0b0,No,0b001,Land (Nothing else but land),0b0,No,0b0,No,0b00000000000000000000000000000000,0b00000000000000000000000000000000,"Good data, use with confidence"
40.1547789,-88.580707,2018-06-26,h11v04,2362.0,551.0,0.706,0.0744,0.8793,0.4579,0.0156,189.0,0.0294,132.7299957,22.4300003,3.3599999,2116.0,0.0,0b0000100001000100,0b00,VI produced with good quality,0b0001,Lower quality,0b01,Low,0b0,No,0b0,No,0b0,No,0b001,Land (Nothing else but land),0b0,No,0b0,No,0b00000000000000000000000000000000,0b00000000000000000000000000000000,"Good data, use with confidence"
40.1547789,-88.580707,2018-07-12,h11v04,2362.0,551.0,0.8398,0.0751,0.9277,0.5579,0.0113,198.0,0.0209,-33.8199997,24.4599991,8.2600002,2116.0,0.0,0b0000100001000100,0b00,VI produced with good quality,0b0001,Lower quality,0b01,Low,0b0,No,0b0,No,0b0,No,0b001,Land (Nothing else but land),0b0,No,0b0,No,0b00000000000000000000000000000000,0b00000000000000000000000000000000,"Good data, use with confidence"
40.1547789,-88.580707,2018-07-28,h11v04,2362.0,551.0,0.7664,0.0567,0.9054,0.4978,0.0137,214.0,0.0247,-37.4799995,27.3899994,8.2600002,2116.0,0.0,0b0000100001000100,0b00,VI produced with good quality,0b0001,Lower quality,0b01,Low,0b0,No,0b0,No,0b0,No,0b001,Land (Nothing else but land),0b0,No,0b0,No,0b00000000000000000000000000000000,0b00000000000000000000000000000000,"Good data, use with confidence"
40.1547789,-88.580707,2018-08-13,h11v04,2362.0,551.0,0.6002,0.0945,0.8015,0.395,0.0256,239.0,0.0435,-46.9899979,34.3899994,19.3299999,2116.0,0.0,0b0000100001000100,0b00,VI produced with good quality,0b0001,Lower quality,0b01,Low,0b0,No,0b0,No,0b0,No,0b001,Land (Nothing else but land),0b0,No,0b0,No,0b00000000000000000000000000000000,0b00000000000000000000000000000000,"Good data, use with confidence"
40.1547789,-88.580707,2018-08-29,h11v04,2362.0,551.0,0.5307,0.0652,0.7898,0.3432,0.0211,242.0,0.0403,122.6199951,32.7000008,33.7700005,2116.0,0.0,0b0000100001000100,0b00,VI produced with good quality,0b0001,Lower quality,0b01,Low,0b0,No,0b0,No,0b0,No,0b001,Land (Nothing else but land),0b0,No,0b0,No,0b00000000000000000000000000000000,0b00000000000000000000000000000000,"Good data, use with confidence"
40.1547789,-88.580707,2018-09-14,h11v04,2362.0,551.0,0.184,0.1783,0.3315,0.2189,0.053,258.0,0.1099,118.5299988,38.2299995,33.6699982,2116.0,0.0,0b0000100001000100,0b00,VI produced with good quality,0b0001,Lower quality,0b01,Low,0b0,No,0b0,No,0b0,No,0b001,Land (Nothing else but land),0b0,No,0b0,No,0b00000000000000000000000000000000,0b00000000000000000000000000000000,"Good data, use with confidence"
40.1547789,-88.580707,2018-09-30,h11v04,2362.0,551.0,0.1518,0.2167,0.2615,0.2221,0.0648,281.0,0.13,112.3699951,46.5200005,41.1899986,35225.0,1.0,0b1000100110011001,0b01,"VI produced, but check other QA",0b0110,Decreasing quality (0110),0b10,Average,0b1,Yes,0b0,No,0b0,No,0b001,Land (Nothing else but land),0b0,No,0b1,Yes,0b00000000000000000000000000000001,0b00000000000000000000000000000001,"Marginal data, Useful, but look at other QA information"
40.1547789,-88.580707,2018-10-16,h11v04,2362.0,551.0,0.1174,0.1896,0.2404,0.1656,0.0543,301.0,0.1014,114.2399979,54.3999977,2.49,2116.0,0.0,0b0000100001000100,0b00,VI produced with good quality,0b0001,Lower quality,0b01,Low,0b0,No,0b0,No,0b0,No,0b001,Land (Nothing else but land),0b0,No,0b0,No,0b00000000000000000000000000000000,0b00000000000000000000000000000000,"Good data, use with confidence"
40.1547789,-88.580707,2018-11-01,h11v04,2362.0,551.0,0.1011,0.1881,0.2334,0.14,0.047,315.0,0.087,112.0999985,58.1899986,23.6499996,2116.0,0.0,0b0000100001000100,0b00,VI produced with good quality,0b0001,Lower quality,0b01,Low,0b0,No,0b0,No,0b0,No,0b001,Land (Nothing else but land),0b0,No,0b0,No,0b00000000000000000000000000000000,0b00000000000000000000000000000000,"Good data, use with confidence"
40.1547789,-88.580707,2018-11-17,h11v04,2362.0,551.0,0.0921,0.1732,0.2241,0.1275,0.0461,326.0,0.0808,-65.8799973,61.6399994,9.9699993,2120.0,0.0,0b0000100001001000,0b00,VI produced with good quality,0b0010,Decreasing quality (0010),0b01,Low,0b0,No,0b0,No,0b0,No,0b001,Land (Nothing else but land),0b0,No,0b0,No,0b00000000000000000000000000000000,0b00000000000000000000000000000000,"Good data, use with confidence"
40.1547789,-88.580707,2018-12-03,h11v04,2362.0,551.0,0.1054,0.1377,0.253,0.1352,0.0432,351.0,0.0806,-63.3499985,65.5599976,21.25,2120.0,0.0,0b0000100001001000,0b00,VI produced with good quality,0b0010,Decreasing quality (0010),0b01,Low,0b0,No,0b0,No,0b0,No,0b001,Land (Nothing else but land),0b0,No,0b0,No,0b00000000000000000000000000000000,0b00000000000000000000000000000000,"Good data, use with confidence"
40.1547789,-88.580707,2018-12-19,h11v04,2362.0,551.0,0.0841,0.0949,0.2388,0.1084,0.0355,3.0,0.0666,115.2099991,63.4899979,46.6699982,2124.0,1.0,0b0000100001001100,0b00,VI produced with good quality,0b0011,Decreasing quality (0011),0b01,Low,0b0,No,0b0,No,0b0,No,0b001,Land (Nothing else but land),0b0,No,0b0,No,0b00000000000000000000000000000001,0b00000000000000000000000000000001,"Marginal data, Useful, but look at other QA information"
40.1547789,-88.580707,2019-01-01,h11v04,2362.0,551.0,0.1201,0.2443,0.254,0.1624,0.0497,9.0,0.0966,-62.0599976,64.5999985,10.5199995,2120.0,0.0,0b0000100001001000,0b00,VI produced with good quality,0b0010,Decreasing quality (0010),0b01,Low,0b0,No,0b0,No,0b0,No,0b001,Land (Nothing else but land),0b0,No,0b0,No,0b00000000000000000000000000000000,0b00000000000000000000000000000000,"Good data, use with confidence"
40.1547789,-88.580707,2019-01-17,h11v04,2362.0,551.0,-0.0084,0.0651,-0.0079,0.7709,0.7463,32.0,0.7832,121.5799942,59.7999992,0.77,18449.0,2.0,0b0100100000010001,0b01,"VI produced, but check other QA",0b0100,Decreasing quality (0100),0b00,Climatology,0b0,No,0b0,No,0b0,No,0b001,Land (Nothing else but land),0b1,Yes,0b0,No,0b00000000000000000000000000000010,0b00000000000000000000000000000010,Snow/Ice Target covered with snow/ice
40.1547789,-88.580707,2019-02-02,h11v04,2362.0,551.0,0.0939,0.1354,0.2137,0.1408,0.0491,44.0,0.0912,120.0,54.7399979,39.9399986,2257.0,1.0,0b0000100011010001,0b01,"VI produced, but check other QA",0b0100,Decreasing quality (0100),0b11,High,0b0,No,0b0,No,0b0,No,0b001,Land (Nothing else but land),0b0,No,0b0,No,0b00000000000000000000000000000001,0b00000000000000000000000000000001,"Marginal data, Useful, but look at other QA information"
40.1547789,-88.580707,2019-02-18,h11v04,2362.0,551.0,0.109,0.1688,0.2534,0.1417,0.0446,57.0,0.0844,-54.25,52.2099991,10.5199995,2116.0,0.0,0b0000100001000100,0b00,VI produced with good quality,0b0001,Lower quality,0b01,Low,0b0,No,0b0,No,0b0,No,0b001,Land (Nothing else but land),0b0,No,0b0,No,0b00000000000000000000000000000000,0b00000000000000000000000000000000,"Good data, use with confidence"
40.1547789,-88.580707,2019-03-06,h11v04,2362.0,551.0,0.1332,0.1754,0.2791,0.1691,0.0475,75.0,0.0953,-50.5999985,46.4199982,30.75,2116.0,0.0,0b0000100001000100,0b00,VI produced with good quality,0b0001,Lower quality,0b01,Low,0b0,No,0b0,No,0b0,No,0b001,Land (Nothing else but land),0b0,No,0b0,No,0b00000000000000000000000000000000,0b00000000000000000000000000000000,"Good data, use with confidence"
40.1547789,-88.580707,2019-03-22,h11v04,2362.0,551.0,0.1157,0.1914,0.2581,0.1511,0.0462,87.0,0.0891,126.2799988,39.5,12.5299997,2185.0,1.0,0b0000100010001001,0b01,"VI produced, but check other QA",0b0010,Decreasing quality (0010),0b10,Average,0b0,No,0b0,No,0b0,No,0b001,Land (Nothing else but land),0b0,No,0b0,No,0b00000000000000000000000000000001,0b00000000000000000000000000000001,"Marginal data, Useful, but look at other QA information"
40.1547789,-88.580707,2019-04-07,h11v04,2362.0,551.0,0.1252,0.1952,0.2797,0.1514,0.0455,105.0,0.0852,-47.2700005,33.7999992,10.25,2116.0,0.0,0b0000100001000100,0b00,VI produced with good quality,0b0001,Lower quality,0b01,Low,0b0,No,0b0,No,0b0,No,0b001,Land (Nothing else but land),0b0,No,0b0,No,0b00000000000000000000000000000000,0b00000000000000000000000000000000,"Good data, use with confidence"
40.1547789,-88.580707,2019-04-23,h11v04,2362.0,551.0,0.1694,0.347,0.2708,0.2381,0.0747,116.0,0.1366,-43.0200005,32.2599983,39.0599976,2116.0,0.0,0b0000100001000100,0b00,VI produced with good quality,0b0001,Lower quality,0b01,Low,0b0,No,0b0,No,0b0,No,0b001,Land (Nothing else but land),0b0,No,0b0,No,0b00000000000000000000000000000000,0b00000000000000000000000000000000,"Good data, use with confidence"
40.1547789,-88.580707,2019-05-09,h11v04,2362.0,551.0,0.1105,0.1666,0.2936,0.124,0.0342,142.0,0.0677,132.4499969,22.0,23.1000004,2116.0,0.0,0b0000100001000100,0b00,VI produced with good quality,0b0001,Lower quality,0b01,Low,0b0,No,0b0,No,0b0,No,0b001,Land (Nothing else but land),0b0,No,0b0,No,0b00000000000000000000000000000000,0b00000000000000000000000000000000,"Good data, use with confidence"
40.1547789,-88.580707,2019-05-25,h11v04,2362.0,551.0,0.1966,0.3365,0.3165,0.2435,0.0684,158.0,0.1264,135.6699982,20.1000004,23.1000004,2116.0,0.0,0b0000100001000100,0b00,VI produced with good quality,0b0001,Lower quality,0b01,Low,0b0,No,0b0,No,0b0,No,0b001,Land (Nothing else but land),0b0,No,0b0,No,0b00000000000000000000000000000000,0b00000000000000000000000000000000,"Good data, use with confidence"
40.1547789,-88.580707,2019-06-10,h11v04,2362.0,551.0,0.286,0.2553,0.4816,0.2527,0.0463,176.0,0.0884,129.6900024,21.5100002,1.0799999,2116.0,0.0,0b0000100001000100,0b00,VI produced with good quality,0b0001,Lower quality,0b01,Low,0b0,No,0b0,No,0b0,No,0b001,Land (Nothing else but land),0b0,No,0b0,No,0b00000000000000000000000000000000,0b00000000000000000000000000000000,"Good data, use with confidence"
40.1547789,-88.580707,2019-06-26,h11v04,2362.0,551.0,0.5458,0.1068,0.7989,0.3517,0.0209,181.0,0.0393,137.2700043,19.6499996,32.079998,2116.0,0.0,0b0000100001000100,0b00,VI produced with good quality,0b0001,Lower quality,0b01,Low,0b0,No,0b0,No,0b0,No,0b001,Land (Nothing else but land),0b0,No,0b0,No,0b00000000000000000000000000000000,0b00000000000000000000000000000000,"Good data, use with confidence"
40.1547789,-88.580707,2019-07-12,h11v04,2362.0,551.0,0.7046,0.0692,0.8881,0.4526,0.0137,208.0,0.0268,135.3799896,25.5499992,1.05,2116.0,0.0,0b0000100001000100,0b00,VI produced with good quality,0b0001,Lower quality,0b01,Low,0b0,No,0b0,No,0b0,No,0b001,Land (Nothing else but land),0b0,No,0b0,No,0b00000000000000000000000000000000,0b00000000000000000000000000000000,"Good data, use with confidence"
40.1547789,-88.580707,2019-07-28,h11v04,2362.0,551.0,0.7646,0.0435,0.9303,0.4796,0.0096,215.0,0.0173,137.4499969,26.3099995,12.3499994,2116.0,0.0,0b0000100001000100,0b00,VI produced with good quality,0b0001,Lower quality,0b01,Low,0b0,No,0b0,No,0b0,No,0b001,Land (Nothing else but land),0b0,No,0b0,No,0b00000000000000000000000000000000,0b00000000000000000000000000000000,"Good data, use with confidence"
40.1547789,-88.580707,2019-08-13,h11v04,2362.0,551.0,0.7299,0.0544,0.9211,0.4579,0.0089,231.0,0.0188,128.6999969,30.3599987,12.3599997,2116.0,0.0,0b0000100001000100,0b00,VI produced with good quality,0b0001,Lower quality,0b01,Low,0b0,No,0b0,No,0b0,No,0b001,Land (Nothing else but land),0b0,No,0b0,No,0b00000000000000000000000000000000,0b00000000000000000000000000000000,"Good data, use with confidence"
40.1547789,-88.580707,2019-08-29,h11v04,2362.0,551.0,0.7499,0.0603,0.913,0.4777,0.0117,247.0,0.0217,126.1399994,35.2199974,12.3400002,2116.0,0.0,0b0000100001000100,0b00,VI produced with good quality,0b0001,Lower quality,0b01,Low,0b0,No,0b0,No,0b0,No,0b001,Land (Nothing else but land),0b0,No,0b0,No,0b00000000000000000000000000000000,0b00000000000000000000000000000000,"Good data, use with confidence"
40.1547789,-88.580707,2019-09-14,h11v04,2362.0,551.0,0.4805,0.0506,0.7937,0.3001,0.0167,263.0,0.0345,118.659996,40.6899986,12.3499994,2116.0,0.0,0b0000100001000100,0b00,VI produced with good quality,0b0001,Lower quality,0b01,Low,0b0,No,0b0,No,0b0,No,0b001,Land (Nothing else but land),0b0,No,0b0,No,0b00000000000000000000000000000000,0b00000000000000000000000000000000,"Good data, use with confidence"
40.1547789,-88.580707,2019-09-30,h11v04,2362.0,551.0,0.2188,0.193,0.3802,0.2423,0.0493,281.0,0.1088,-61.9499969,47.8400002,10.25,2116.0,0.0,0b0000100001000100,0b00,VI produced with good quality,0b0001,Lower quality,0b01,Low,0b0,No,0b0,No,0b0,No,0b001,Land (Nothing else but land),0b0,No,0b0,No,0b00000000000000000000000000000000,0b00000000000000000000000000000000,"Good data, use with confidence"
40.1547789,-88.580707,2019-10-16,h11v04,2362.0,551.0,0.118,0.121,0.287,0.1316,0.0435,300.0,0.0729,111.0400009,53.2299995,40.1299973,2120.0,0.0,0b0000100001001000,0b00,VI produced with good quality,0b0010,Decreasing quality (0010),0b01,Low,0b0,No,0b0,No,0b0,No,0b001,Land (Nothing else but land),0b0,No,0b0,No,0b00000000000000000000000000000000,0b00000000000000000000000000000000,"Good data, use with confidence"
40.1547789,-88.580707,2019-11-01,h11v04,2362.0,551.0,0.1149,0.227,0.258,0.1426,0.05,311.0,0.0841,113.4700012,57.2199974,12.4299994,2116.0,0.0,0b0000100001000100,0b00,VI produced with good quality,0b0001,Lower quality,0b01,Low,0b0,No,0b0,No,0b0,No,0b001,Land (Nothing else but land),0b0,No,0b0,No,0b00000000000000000000000000000000,0b00000000000000000000000000000000,"Good data, use with confidence"
40.1547789,-88.580707,2019-11-17,h11v04,2362.0,551.0,0.1047,0.1901,0.2808,0.1156,0.0394,329.0,0.0649,-65.1899948,62.25,10.4299994,2120.0,0.0,0b0000100001001000,0b00,VI produced with good quality,0b0010,Decreasing quality (0010),0b01,Low,0b0,No,0b0,No,0b0,No,0b001,Land (Nothing else but land),0b0,No,0b0,No,0b00000000000000000000000000000000,0b00000000000000000000000000000000,"Good data, use with confidence"
40.1547789,-88.580707,2019-12-03,h11v04,2362.0,551.0,0.1274,0.169,0.2351,0.2009,0.0596,338.0,0.1244,-64.6800003,64.1699982,21.25,2120.0,0.0,0b0000100001001000,0b00,VI produced with good quality,0b0010,Decreasing quality (0010),0b01,Low,0b0,No,0b0,No,0b0,No,0b001,Land (Nothing else but land),0b0,No,0b0,No,0b00000000000000000000000000000000,0b00000000000000000000000000000000,"Good data, use with confidence"
40.1547789,-88.580707,2019-12-19,h11v04,2362.0,551.0,0.0825,0.129,0.262,0.0944,0.0317,1.0,0.0552,115.1899948,64.3499985,22.8199997,2120.0,0.0,0b0000100001001000,0b00,VI produced with good quality,0b0010,Decreasing quality (0010),0b01,Low,0b0,No,0b0,No,0b0,No,0b001,Land (Nothing else but land),0b0,No,0b0,No,0b00000000000000000000000000000000,0b00000000000000000000000000000000,"Good data, use with confidence"
40.1547789,-88.580707,2020-01-01,h11v04,2362.0,551.0,0.0825,0.129,0.262,0.0944,0.0317,1.0,0.0552,115.1899948,64.3499985,22.8199997,2120.0,0.0,0b0000100001001000,0b00,VI produced with good quality,0b0010,Decreasing quality (0010),0b01,Low,0b0,No,0b0,No,0b0,No,0b001,Land (Nothing else but land),0b0,No,0b0,No,0b00000000000000000000000000000000,0b00000000000000000000000000000000,"Good data, use with confidence"
40.1547789,-88.580707,2020-01-17,h11v04,2362.0,551.0,0.0927,0.0761,0.1826,0.1654,0.0632,26.0,0.1143,119.8799973,60.9499969,12.9799995,2261.0,1.0,0b0000100011010101,0b01,"VI produced, but check other QA",0b0101,Decreasing quality (0101),0b11,High,0b0,No,0b0,No,0b0,No,0b001,Land (Nothing else but land),0b0,No,0b0,No,0b00000000000000000000000000000001,0b00000000000000000000000000000001,"Marginal data, Useful, but look at other QA information"
40.1547789,-88.580707,2020-02-02,h11v04,2362.0,551.0,0.0872,0.152,0.2271,0.1202,0.04,33.0,0.0757,120.2900009,58.8099976,23.6499996,2116.0,0.0,0b0000100001000100,0b00,VI produced with good quality,0b0001,Lower quality,0b01,Low,0b0,No,0b0,No,0b0,No,0b001,Land (Nothing else but land),0b0,No,0b0,No,0b00000000000000000000000000000000,0b00000000000000000000000000000000,"Good data, use with confidence"
40.1547789,-88.580707,2020-02-18,h11v04,2362.0,551.0,0.1108,0.157,0.2702,0.1316,0.043,62.0,0.0756,-52.3699989,51.4899979,29.6399994,2116.0,0.0,0b0000100001000100,0b00,VI produced with good quality,0b0001,Lower quality,0b01,Low,0b0,No,0b0,No,0b0,No,0b001,Land (Nothing else but land),0b0,No,0b0,No,0b00000000000000000000000000000000,0b00000000000000000000000000000000,"Good data, use with confidence"
40.1547789,-88.580707,2020-03-05,h11v04,2362.0,551.0,0.1191,0.2675,0.2185,0.1893,0.0657,67.0,0.1214,127.3499985,47.9799995,2.5799999,2116.0,0.0,0b0000100001000100,0b00,VI produced with good quality,0b0001,Lower quality,0b01,Low,0b0,No,0b0,No,0b0,No,0b001,Land (Nothing else but land),0b0,No,0b0,No,0b00000000000000000000000000000000,0b00000000000000000000000000000000,"Good data, use with confidence"
40.1547789,-88.580707,2020-03-21,h11v04,2362.0,551.0,0.1211,0.2758,0.229,0.1862,0.0607,90.0,0.1168,124.1699982,38.4099998,13.3499994,2116.0,0.0,0b0000100001000100,0b00,VI produced with good quality,0b0001,Lower quality,0b01,Low,0b0,No,0b0,No,0b0,No,0b001,Land (Nothing else but land),0b0,No,0b0,No,0b00000000000000000000000000000000,0b00000000000000000000000000000000,"Good data, use with confidence"
40.1547789,-88.580707,2020-04-06,h11v04,2362.0,551.0,0.1496,0.3373,0.2558,0.213,0.0693,99.0,0.1262,112.0899963,35.4799995,1.9299999,2116.0,0.0,0b0000100001000100,0b00,VI produced with good quality,0b0001,Lower quality,0b01,Low,0b0,No,0b0,No,0b0,No,0b001,Land (Nothing else but land),0b0,No,0b0,No,0b00000000000000000000000000000000,0b00000000000000000000000000000000,"Good data, use with confidence"
40.1547789,-88.580707,2020-04-22,h11v04,2362.0,551.0,0.1253,0.1844,0.2938,0.1398,0.0441,127.0,0.0763,123.5999985,24.4499989,40.1399994,2120.0,0.0,0b0000100001001000,0b00,VI produced with good quality,0b0010,Decreasing quality (0010),0b01,Low,0b0,No,0b0,No,0b0,No,0b001,Land (Nothing else but land),0b0,No,0b0,No,0b00000000000000000000000000000000,0b00000000000000000000000000000000,"Good data, use with confidence"
40.1547789,-88.580707,2020-05-08,h11v04,2362.0,551.0,0.183,0.3985,0.2867,0.2475,0.0752,130.0,0.1372,-34.3800011,31.3099995,57.1999969,2120.0,1.0,0b0000100001001000,0b00,VI produced with good quality,0b0010,Decreasing quality (0010),0b01,Low,0b0,No,0b0,No,0b0,No,0b001,Land (Nothing else but land),0b0,No,0b0,No,0b00000000000000000000000000000001,0b00000000000000000000000000000001,"Marginal data, Useful, but look at other QA information"
40.1547789,-88.580707,2020-05-24,h11v04,2362.0,551.0,0.2226,0.3306,0.3843,0.2271,0.0556,154.0,0.101,139.0200043,21.1299992,12.25,2116.0,0.0,0b0000100001000100,0b00,VI produced with good quality,0b0001,Lower quality,0b01,Low,0b0,No,0b0,No,0b0,No,0b001,Land (Nothing else but land),0b0,No,0b0,No,0b00000000000000000000000000000000,0b00000000000000000000000000000000,"Good data, use with confidence"
40.1547789,-88.580707,2020-06-09,h11v04,2362.0,551.0,0.2747,0.3629,0.399,0.3099,0.0666,167.0,0.1331,-28.8999996,24.789999,39.3499985,2116.0,0.0,0b0000100001000100,0b00,VI produced with good quality,0b0001,Lower quality,0b01,Low,0b0,No,0b0,No,0b0,No,0b001,Land (Nothing else but land),0b0,No,0b0,No,0b00000000000000000000000000000000,0b00000000000000000000000000000000,"Good data, use with confidence"
40.1547789,-88.580707,2020-06-25,h11v04,2362.0,551.0,0.6278,0.1019,0.8259,0.4197,0.0197,192.0,0.04,-27.3499985,27.4200001,46.4599991,2120.0,1.0,0b0000100001001000,0b00,VI produced with good quality,0b0010,Decreasing quality (0010),0b01,Low,0b0,No,0b0,No,0b0,No,0b001,Land (Nothing else but land),0b0,No,0b0,No,0b00000000000000000000000000000001,0b00000000000000000000000000000001,"Marginal data, Useful, but look at other QA information"
40.1547789,-88.580707,2020-07-11,h11v04,2362.0,551.0,0.7947,0.097,0.8976,0.5361,0.0152,206.0,0.0289,-32.7299995,27.5900002,31.039999,2116.0,0.0,0b0000100001000100,0b00,VI produced with good quality,0b0001,Lower quality,0b01,Low,0b0,No,0b0,No,0b0,No,0b001,Land (Nothing else but land),0b0,No,0b0,No,0b00000000000000000000000000000000,0b00000000000000000000000000000000,"Good data, use with confidence"
40.1547789,-88.580707,2020-07-27,h11v04,2362.0,551.0,0.8649999,0.089,0.9268,0.5875,0.0117,220.0,0.0223,-37.9699974,28.789999,10.6300001,2116.0,0.0,0b0000100001000100,0b00,VI produced with good quality,0b0001,Lower quality,0b01,Low,0b0,No,0b0,No,0b0,No,0b001,Land (Nothing else but land),0b0,No,0b0,No,0b00000000000000000000000000000000,0b00000000000000000000000000000000,"Good data, use with confidence"
40.1547789,-88.580707,2020-08-12,h11v04,2362.0,551.0,0.8332,0.0685,0.9305,0.55,0.0104,227.0,0.0198,95.0099945,29.8199997,1.0,2116.0,0.0,0b0000100001000100,0b00,VI produced with good quality,0b0001,Lower quality,0b01,Low,0b0,No,0b0,No,0b0,No,0b001,Land (Nothing else but land),0b0,No,0b0,No,0b00000000000000000000000000000000,0b00000000000000000000000000000000,"Good data, use with confidence"
40.1547789,-88.580707,2020-08-28,h11v04,2362.0,551.0,0.7834,0.0633,0.9145,0.5042,0.0136,248.0,0.0225,121.3199997,34.6199989,31.9899998,2116.0,0.0,0b0000100001000100,0b00,VI produced with good quality,0b0001,Lower quality,0b01,Low,0b0,No,0b0,No,0b0,No,0b001,Land (Nothing else but land),0b0,No,0b0,No,0b00000000000000000000000000000000,0b00000000000000000000000000000000,"Good data, use with confidence"
40.1547789,-88.580707,2020-09-13,h11v04,2362.0,551.0,0.3259,0.1211,0.5277,0.273,0.0444,268.0,0.0844,-57.7099991,43.1599998,10.6099997,2116.0,0.0,0b0000100001000100,0b00,VI produced with good quality,0b0001,Lower quality,0b01,Low,0b0,No,0b0,No,0b0,No,0b001,Land (Nothing else but land),0b0,No,0b0,No,0b00000000000000000000000000000000,0b00000000000000000000000000000000,"Good data, use with confidence"
40.1547789,-88.580707,2020-09-29,h11v04,2362.0,551.0,0.2846,0.1726,0.4093,0.3455,0.0602,275.0,0.1448,112.8099976,45.2399979,0.87,2116.0,0.0,0b0000100001000100,0b00,VI produced with good quality,0b0001,Lower quality,0b01,Low,0b0,No,0b0,No,0b0,No,0b001,Land (Nothing else but land),0b0,No,0b0,No,0b00000000000000000000000000000000,0b00000000000000000000000000000000,"Good data, use with confidence"
40.1547789,-88.580707,2020-10-15,h11v04,2362.0,551.0,0.1474,0.2119,0.2454,0.2316,0.0701,296.0,0.1403,111.5599976,51.9300003,32.079998,2116.0,0.0,0b0000100001000100,0b00,VI produced with good quality,0b0001,Lower quality,0b01,Low,0b0,No,0b0,No,0b0,No,0b001,Land (Nothing else but land),0b0,No,0b0,No,0b00000000000000000000000000000000,0b00000000000000000000000000000000,"Good data, use with confidence"
40.1547789,-88.580707,2020-10-31,h11v04,2362.0,551.0,0.133,0.2416,0.2655,0.1754,0.0537,318.0,0.1018,-63.8400002,60.2399979,30.9499989,2120.0,0.0,0b0000100001001000,0b00,VI produced with good quality,0b0010,Decreasing quality (0010),0b01,Low,0b0,No,0b0,No,0b0,No,0b001,Land (Nothing else but land),0b0,No,0b0,No,0b00000000000000000000000000000000,0b00000000000000000000000000000000,"Good data, use with confidence"
40.1547789,-88.580707,2020-11-16,h11v04,2362.0,551.0,0.1223,0.2384,0.2361,0.1819,0.0581,323.0,0.1124,124.1299973,60.5900002,0.97,2120.0,0.0,0b0000100001001000,0b00,VI produced with good quality,0b0010,Decreasing quality (0010),0b01,Low,0b0,No,0b0,No,0b0,No,0b001,Land (Nothing else but land),0b0,No,0b0,No,0b00000000000000000000000000000000,0b00000000000000000000000000000000,"Good data, use with confidence"
40.1547789,-88.580707,2020-12-02,h11v04,2362.0,551.0,0.1036,0.2158,0.2421,0.1449,0.0416,339.0,0.0884,83.0299988,63.6800003,1.22,2120.0,0.0,0b0000100001001000,0b00,VI produced with good quality,0b0010,Decreasing quality (0010),0b01,Low,0b0,No,0b0,No,0b0,No,0b001,Land (Nothing else but land),0b0,No,0b0,No,0b00000000000000000000000000000000,0b00000000000000000000000000000000,"Good data, use with confidence"
40.1547789,-88.580707,2020-12-18,h11v04,2362.0,551.0,0.1271,0.26,0.2187,0.2,0.0744,357.0,0.1282,-62.8400002,65.8199997,21.3400002,2120.0,0.0,0b0000100001001000,0b00,VI produced with good quality,0b0010,Decreasing quality (0010),0b01,Low,0b0,No,0b0,No,0b0,No,0b001,Land (Nothing else but land),0b0,No,0b0,No,0b00000000000000000000000000000000,0b00000000000000000000000000000000,"Good data, use with confidence"
40.1547789,-88.580707,2021-01-01,h11v04,2362.0,551.0,-0.006,0.0316,-0.006,0.621,0.6203,12.0,0.6286,117.6999969,63.4699974,12.3400002,18453.0,2.0,0b0100100000010101,0b01,"VI produced, but check other QA",0b0101,Decreasing quality (0101),0b00,Climatology,0b0,No,0b0,No,0b0,No,0b001,Land (Nothing else but land),0b1,Yes,0b0,No,0b00000000000000000000000000000010,0b00000000000000000000000000000010,Snow/Ice Target covered with snow/ice
40.1547789,-88.580707,2021-01-17,h11v04,2362.0,551.0,0.1121,0.1846,0.2381,0.1622,0.0493,21.0,0.0998,89.1899948,62.2899971,1.22,2120.0,0.0,0b0000100001001000,0b00,VI produced with good quality,0b0010,Decreasing quality (0010),0b01,Low,0b0,No,0b0,No,0b0,No,0b001,Land (Nothing else but land),0b0,No,0b0,No,0b00000000000000000000000000000000,0b00000000000000000000000000000000,"Good data, use with confidence"
40.1547789,-88.580707,2021-02-02,h11v04,2362.0,551.0,0.097,0.1668,0.184,0.1869,0.0735,37.0,0.1288,107.9499969,58.3099976,1.0799999,3222.0,3.0,0b0000110010010110,0b10,"Pixel produced, but most probably cloudy",0b0101,Decreasing quality (0101),0b10,Average,0b0,No,0b0,No,0b1,Yes,0b001,Land (Nothing else but land),0b0,No,0b0,No,0b00000000000000000000000000000011,0b00000000000000000000000000000011,"Cloudy data, Target not visible, covered with cloud"
40.1547789,-88.580707,2021-02-18,h11v04,2362.0,551.0,0.1268,0.1671,0.2557,0.1775,0.0512,62.0,0.1052,-51.3499985,50.25,10.4399996,2116.0,0.0,0b0000100001000100,0b00,VI produced with good quality,0b0001,Lower quality,0b01,Low,0b0,No,0b0,No,0b0,No,0b001,Land (Nothing else but land),0b0,No,0b0,No,0b00000000000000000000000000000000,0b00000000000000000000000000000000,"Good data, use with confidence"
40.1547789,-88.580707,2021-03-06,h11v04,2362.0,551.0,0.1104,0.1668,0.2472,0.1483,0.0473,78.0,0.0895,-49.6100006,44.0099983,10.3400002,2116.0,0.0,0b0000100001000100,0b00,VI produced with good quality,0b0001,Lower quality,0b01,Low,0b0,No,0b0,No,0b0,No,0b001,Land (Nothing else but land),0b0,No,0b0,No,0b00000000000000000000000000000000,0b00000000000000000000000000000000,"Good data, use with confidence"
40.1547789,-88.580707,2021-03-22,h11v04,2362.0,551.0,0.1333,0.2096,0.27,0.1738,0.0517,87.0,0.0999,-48.6699982,41.079998,21.25,2116.0,0.0,0b0000100001000100,0b00,VI produced with good quality,0b0001,Lower quality,0b01,Low,0b0,No,0b0,No,0b0,No,0b001,Land (Nothing else but land),0b0,No,0b0,No,0b00000000000000000000000000000000,0b00000000000000000000000000000000,"Good data, use with confidence"
40.1547789,-88.580707,2021-04-07,h11v04,2362.0,551.0,0.1505,0.3457,0.2794,0.1946,0.0587,103.0,0.1096,-46.2000008,35.1300011,21.1599998,2116.0,0.0,0b0000100001000100,0b00,VI produced with good quality,0b0001,Lower quality,0b01,Low,0b0,No,0b0,No,0b0,No,0b001,Land (Nothing else but land),0b0,No,0b0,No,0b00000000000000000000000000000000,0b00000000000000000000000000000000,"Good data, use with confidence"
40.1547789,-88.580707,2021-04-23,h11v04,2362.0,551.0,0.1628,0.3652,0.2685,0.2317,0.0703,121.0,0.1336,-39.5499992,30.9599991,39.1599998,2116.0,0.0,0b0000100001000100,0b00,VI produced with good quality,0b0001,Lower quality,0b01,Low,0b0,No,0b0,No,0b0,No,0b001,Land (Nothing else but land),0b0,No,0b0,No,0b00000000000000000000000000000000,0b00000000000000000000000000000000,"Good data, use with confidence"
40.1547789,-88.580707,2021-05-09,h11v04,2362.0,551.0,0.1621,0.4198,0.2599,0.238,0.075,133.0,0.1398,115.5799942,25.1299992,1.3099999,2116.0,0.0,0b0000100001000100,0b00,VI produced with good quality,0b0001,Lower quality,0b01,Low,0b0,No,0b0,No,0b0,No,0b001,Land (Nothing else but land),0b0,No,0b0,No,0b00000000000000000000000000000000,0b00000000000000000000000000000000,"Good data, use with confidence"
40.1547789,-88.580707,2021-05-25,h11v04,2362.0,551.0,0.1851,0.2772,0.3476,0.2012,0.0512,149.0,0.0974,118.5899963,22.5299988,1.22,2116.0,0.0,0b0000100001000100,0b00,VI produced with good quality,0b0001,Lower quality,0b01,Low,0b0,No,0b0,No,0b0,No,0b001,Land (Nothing else but land),0b0,No,0b0,No,0b00000000000000000000000000000000,0b00000000000000000000000000000000,"Good data, use with confidence"
40.1547789,-88.580707,2021-06-10,h11v04,2362.0,551.0,0.637,0.114,0.8346,0.4183,0.0201,174.0,0.0377,-31.8899994,22.6499996,10.3299999,2116.0,0.0,0b0000100001000100,0b00,VI produced with good quality,0b0001,Lower quality,0b01,Low,0b0,No,0b0,No,0b0,No,0b001,Land (Nothing else but land),0b0,No,0b0,No,0b00000000000000000000000000000000,0b00000000000000000000000000000000,"Good data, use with confidence"
40.1547789,-88.580707,2021-06-26,h11v04,2362.0,551.0,0.6765,0.0641,0.9147,0.4133,0.0086,186.0,0.0184,139.2700043,20.4599991,32.1699982,2185.0,1.0,0b0000100010001001,0b01,"VI produced, but check other QA",0b0010,Decreasing quality (0010),0b10,Average,0b0,No,0b0,No,0b0,No,0b001,Land (Nothing else but land),0b0,No,0b0,No,0b00000000000000000000000000000001,0b00000000000000000000000000000001,"Marginal data, Useful, but look at other QA information"
40.1547789,-88.580707,2021-07-12,h11v04,2362.0,551.0,0.7791,0.056,0.9293,0.4946,0.0099,207.0,0.0181,129.1600037,22.1700001,52.3499985,2189.0,1.0,0b0000100010001101,0b01,"VI produced, but check other QA",0b0011,Decreasing quality (0011),0b10,Average,0b0,No,0b0,No,0b0,No,0b001,Land (Nothing else but land),0b0,No,0b0,No,0b00000000000000000000000000000001,0b00000000000000000000000000000001,"Marginal data, Useful, but look at other QA information"
40.1547789,-88.580707,2021-07-28,h11v04,2362.0,551.0,0.7246,0.0523,0.9053,0.4629,0.0111,222.0,0.023,-40.9300003,29.8499985,10.4299994,2116.0,0.0,0b0000100001000100,0b00,VI produced with good quality,0b0001,Lower quality,0b01,Low,0b0,No,0b0,No,0b0,No,0b001,Land (Nothing else but land),0b0,No,0b0,No,0b00000000000000000000000000000000,0b00000000000000000000000000000000,"Good data, use with confidence"
40.1547789,-88.580707,2021-08-13,h11v04,2362.0,551.0,0.6904,0.0422,0.9248,0.415,0.0091,227.0,0.0162,131.0599976,29.1499996,22.9200001,2116.0,0.0,0b0000100001000100,0b00,VI produced with good quality,0b0001,Lower quality,0b01,Low,0b0,No,0b0,No,0b0,No,0b001,Land (Nothing else but land),0b0,No,0b0,No,0b00000000000000000000000000000000,0b00000000000000000000000000000000,"Good data, use with confidence"
40.1547789,-88.580707,2021-08-29,h11v04,2362.0,551.0,0.8031,0.0895,0.8641,0.5737,0.0225,244.0,0.0418,-41.7099991,40.1599998,57.3099976,2120.0,1.0,0b0000100001001000,0b00,VI produced with good quality,0b0010,Decreasing quality (0010),0b01,Low,0b0,No,0b0,No,0b0,No,0b001,Land (Nothing else but land),0b0,No,0b0,No,0b00000000000000000000000000000001,0b00000000000000000000000000000001,"Marginal data, Useful, but look at other QA information"
40.1547789,-88.580707,2021-09-14,h11v04,2362.0,551.0,0.32,0.1246,0.4878,0.2943,0.0526,261.0,0.1013,119.1800003,40.8499985,1.14,2116.0,0.0,0b0000100001000100,0b00,VI produced with good quality,0b0001,Lower quality,0b01,Low,0b0,No,0b0,No,0b0,No,0b001,Land (Nothing else but land),0b0,No,0b0,No,0b00000000000000000000000000000000,0b00000000000000000000000000000000,"Good data, use with confidence"
40.1547789,-88.580707,2021-09-30,h11v04,2362.0,551.0,0.2162,0.2398,0.3081,0.3063,0.0813,274.0,0.162,-54.8899994,47.8499985,46.2599983,2120.0,1.0,0b0000100001001000,0b00,VI produced with good quality,0b0010,Decreasing quality (0010),0b01,Low,0b0,No,0b0,No,0b0,No,0b001,Land (Nothing else but land),0b0,No,0b0,No,0b00000000000000000000000000000001,0b00000000000000000000000000000001,"Marginal data, Useful, but look at other QA information"
40.1547789,-88.580707,2021-10-16,h11v04,2362.0,551.0,0.1532,0.2149,0.2788,0.2011,0.0601,291.0,0.1134,115.4399948,50.8400002,23.0100002,2116.0,0.0,0b0000100001000100,0b00,VI produced with good quality,0b0001,Lower quality,0b01,Low,0b0,No,0b0,No,0b0,No,0b001,Land (Nothing else but land),0b0,No,0b0,No,0b00000000000000000000000000000000,0b00000000000000000000000000000000,"Good data, use with confidence"
40.1547789,-88.580707,2021-11-01,h11v04,2362.0,551.0,0.146,0.2153,0.2479,0.2237,0.0681,320.0,0.1348,-63.0999985,61.2599983,30.6599998,2120.0,0.0,0b0000100001001000,0b00,VI produced with good quality,0b0010,Decreasing quality (0010),0b01,Low,0b0,No,0b0,No,0b0,No,0b001,Land (Nothing else but land),0b0,No,0b0,No,0b00000000000000000000000000000000,0b00000000000000000000000000000000,"Good data, use with confidence"
40.1547789,-88.580707,2021-11-17,h11v04,2362.0,551.0,0.1078,0.0888,0.267,0.1388,0.0352,325.0,0.0803,111.0,61.4599991,1.3199999,2120.0,0.0,0b0000100001001000,0b00,VI produced with good quality,0b0010,Decreasing quality (0010),0b01,Low,0b0,No,0b0,No,0b0,No,0b001,Land (Nothing else but land),0b0,No,0b0,No,0b00000000000000000000000000000000,0b00000000000000000000000000000000,"Good data, use with confidence"
40.1547789,-88.580707,2021-12-03,h11v04,2362.0,551.0,0.1002,0.1662,0.2572,0.1256,0.0386,337.0,0.0742,112.9199982,62.8199997,40.2199974,2124.0,0.0,0b0000100001001100,0b00,VI produced with good quality,0b0011,Decreasing quality (0011),0b01,Low,0b0,No,0b0,No,0b0,No,0b001,Land (Nothing else but land),0b0,No,0b0,No,0b00000000000000000000000000000000,0b00000000000000000000000000000000,"Good data, use with confidence"
40.1547789,-88.580707,2021-12-19,h11v04,2362.0,551.0,0.1018,0.0922,0.3074,0.1029,0.0322,355.0,0.0545,115.4799957,64.8099976,23.1000004,2120.0,0.0,0b0000100001001000,0b00,VI produced with good quality,0b0010,Decreasing quality (0010),0b01,Low,0b0,No,0b0,No,0b0,No,0b001,Land (Nothing else but land),0b0,No,0b0,No,0b00000000000000000000000000000000,0b00000000000000000000000000000000,"Good data, use with confidence"
40.1547789,-88.580707,2022-01-01,h11v04,2362.0,551.0,0.1232,0.2576,0.2264,0.1988,0.0616,10.0,0.1254,-57.2299995,65.3399963,21.0699997,2120.0,0.0,0b0000100001001000,0b00,VI produced with good quality,0b0010,Decreasing quality (0010),0b01,Low,0b0,No,0b0,No,0b0,No,0b001,Land (Nothing else but land),0b0,No,0b0,No,0b00000000000000000000000000000000,0b00000000000000000000000000000000,"Good data, use with confidence"
40.1547789,-88.580707,2022-01-17,h11v04,2362.0,551.0,0.105,0.2463,0.2172,0.1633,0.0542,31.0,0.105,120.7399979,60.0599976,12.71,2120.0,0.0,0b0000100001001000,0b00,VI produced with good quality,0b0010,Decreasing quality (0010),0b01,Low,0b0,No,0b0,No,0b0,No,0b001,Land (Nothing else but land),0b0,No,0b0,No,0b00000000000000000000000000000000,0b00000000000000000000000000000000,"Good data, use with confidence"
40.1547789,-88.580707,2022-02-02,h11v04,2362.0,551.0,-0.022,0.0309,-0.0203,0.8308,0.8562,38.0,0.8653,122.159996,57.6999969,23.1899986,18449.0,2.0,0b0100100000010001,0b01,"VI produced, but check other QA",0b0100,Decreasing quality (0100),0b00,Climatology,0b0,No,0b0,No,0b0,No,0b001,Land (Nothing else but land),0b1,Yes,0b0,No,0b00000000000000000000000000000010,0b00000000000000000000000000000010,Snow/Ice Target covered with snow/ice
40.1547789,-88.580707,2022-02-18,h11v04,2362.0,551.0,-0.0167,0.0422,-0.0153,0.8442,0.8391,49.0,0.8706,-52.9399986,55.6100006,10.1499996,18449.0,2.0,0b0100100000010001,0b01,"VI produced, but check other QA",0b0100,Decreasing quality (0100),0b00,Climatology,0b0,No,0b0,No,0b0,No,0b001,Land (Nothing else but land),0b1,Yes,0b0,No,0b00000000000000000000000000000010,0b00000000000000000000000000000010,Snow/Ice Target covered with snow/ice
40.1547789,-88.580707,2022-03-06,h11v04,2362.0,551.0,0.1196,0.192,0.2385,0.1711,0.0567,79.0,0.1052,128.2799988,43.2900009,12.7999992,2116.0,0.0,0b0000100001000100,0b00,VI produced with good quality,0b0001,Lower quality,0b01,Low,0b0,No,0b0,No,0b0,No,0b001,Land (Nothing else but land),0b0,No,0b0,No,0b00000000000000000000000000000000,0b00000000000000000000000000000000,"Good data, use with confidence"
40.1547789,-88.580707,2022-03-22,h11v04,2362.0,551.0,0.1288,0.2571,0.2674,0.1635,0.0522,86.0,0.0945,127.5999985,40.0200005,23.2799988,2116.0,0.0,0b0000100001000100,0b00,VI produced with good quality,0b0001,Lower quality,0b01,Low,0b0,No,0b0,No,0b0,No,0b001,Land (Nothing else but land),0b0,No,0b0,No,0b00000000000000000000000000000000,0b00000000000000000000000000000000,"Good data, use with confidence"
40.1547789,-88.580707,2022-04-07,h11v04,2362.0,551.0,0.1355,0.2153,0.2614,0.1826,0.0571,104.0,0.1069,121.7999954,34.3899994,1.89,2116.0,0.0,0b0000100001000100,0b00,VI produced with good quality,0b0001,Lower quality,0b01,Low,0b0,No,0b0,No,0b0,No,0b001,Land (Nothing else but land),0b0,No,0b0,No,0b00000000000000000000000000000000,0b00000000000000000000000000000000,"Good data, use with confidence"
40.1547789,-88.580707,2022-04-23,h11v04,2362.0,551.0,0.1313,0.1773,0.3419,0.1291,0.0342,127.0,0.0633,136.5500031,26.7600002,13.5199995,2116.0,0.0,0b0000100001000100,0b00,VI produced with good quality,0b0001,Lower quality,0b01,Low,0b0,No,0b0,No,0b0,No,0b001,Land (Nothing else but land),0b0,No,0b0,No,0b00000000000000000000000000000000,0b00000000000000000000000000000000,"Good data, use with confidence"
40.1547789,-88.580707,2022-05-09,h11v04,2362.0,551.0,0.1711,0.3512,0.2951,0.2148,0.0648,136.0,0.1169,130.8799896,25.5100002,2.1599998,2116.0,0.0,0b0000100001000100,0b00,VI produced with good quality,0b0001,Lower quality,0b01,Low,0b0,No,0b0,No,0b0,No,0b001,Land (Nothing else but land),0b0,No,0b0,No,0b00000000000000000000000000000000,0b00000000000000000000000000000000,"Good data, use with confidence"
40.1547789,-88.580707,2022-05-25,h11v04,2362.0,551.0,0.2066,0.3069,0.3529,0.2298,0.0585,150.0,0.1099,139.6299896,22.0100002,23.4699993,2116.0,0.0,0b0000100001000100,0b00,VI produced with good quality,0b0001,Lower quality,0b01,Low,0b0,No,0b0,No,0b0,No,0b001,Land (Nothing else but land),0b0,No,0b0,No,0b00000000000000000000000000000000,0b00000000000000000000000000000000,"Good data, use with confidence"
40.1547789,-88.580707,2022-06-10,h11v04,2362.0,551.0,0.3921,0.1839,0.6326,0.2898,0.0332,166.0,0.0652,144.0999908,21.1700001,23.5599995,2116.0,0.0,0b0000100001000100,0b00,VI produced with good quality,0b0001,Lower quality,0b01,Low,0b0,No,0b0,No,0b0,No,0b001,Land (Nothing else but land),0b0,No,0b0,No,0b00000000000000000000000000000000,0b00000000000000000000000000000000,"Good data, use with confidence"
40.1547789,-88.580707,2022-06-26,h11v04,2362.0,551.0,0.6365,0.0755,0.8684,0.399,0.0148,191.0,0.0281,147.4599915,23.6899986,13.1599998,2116.0,0.0,0b0000100001000100,0b00,VI produced with good quality,0b0001,Lower quality,0b01,Low,0b0,No,0b0,No,0b0,No,0b001,Land (Nothing else but land),0b0,No,0b0,No,0b00000000000000000000000000000000,0b00000000000000000000000000000000,"Good data, use with confidence"
40.1547789,-88.580707,2022-07-12,h11v04,2362.0,551.0,0.8132,0.0896,0.9215,0.5266,0.0137,200.0,0.0215,135.8699951,25.8599987,1.7199999,2116.0,0.0,0b0000100001000100,0b00,VI produced with good quality,0b0001,Lower quality,0b01,Low,0b0,No,0b0,No,0b0,No,0b001,Land (Nothing else but land),0b0,No,0b0,No,0b00000000000000000000000000000000,0b00000000000000000000000000000000,"Good data, use with confidence"
40.1547789,-88.580707,2022-07-28,h11v04,2362.0,551.0,0.7839,0.0794,0.8709,0.5524,0.0188,222.0,0.0381,-31.1899986,35.4399986,51.9099998,2120.0,1.0,0b0000100001001000,0b00,VI produced with good quality,0b0010,Decreasing quality (0010),0b01,Low,0b0,No,0b0,No,0b0,No,0b001,Land (Nothing else but land),0b0,No,0b0,No,0b00000000000000000000000000000001,0b00000000000000000000000000000001,"Marginal data, Useful, but look at other QA information"
40.1547789,-88.580707,2022-08-13,h11v04,2362.0,551.0,0.7833,0.0652,0.8964,0.5293,0.0141,232.0,0.0289,133.0500031,32.75,2.1399999,2116.0,0.0,0b0000100001000100,0b00,VI produced with good quality,0b0001,Lower quality,0b01,Low,0b0,No,0b0,No,0b0,No,0b001,Land (Nothing else but land),0b0,No,0b0,No,0b00000000000000000000000000000000,0b00000000000000000000000000000000,"Good data, use with confidence"
40.1547789,-88.580707,2022-08-29,h11v04,2362.0,551.0,0.6851,0.07,0.8712,0.4433,0.016,253.0,0.0305,126.7199936,37.4300003,33.2099991,2116.0,0.0,0b0000100001000100,0b00,VI produced with good quality,0b0001,Lower quality,0b01,Low,0b0,No,0b0,No,0b0,No,0b001,Land (Nothing else but land),0b0,No,0b0,No,0b00000000000000000000000000000000,0b00000000000000000000000000000000,"Good data, use with confidence"
40.1547789,-88.580707,2022-09-14,h11v04,2362.0,551.0,0.7693,0.0723,0.8707,0.5198,0.0217,257.0,0.0359,-46.3499985,40.829998,8.9899998,2116.0,0.0,0b0000100001000100,0b00,VI produced with good quality,0b0001,Lower quality,0b01,Low,0b0,No,0b0,No,0b0,No,0b001,Land (Nothing else but land),0b0,No,0b0,No,0b00000000000000000000000000000000,0b00000000000000000000000000000000,"Good data, use with confidence"
40.1547789,-88.580707,2022-09-30,h11v04,2362.0,551.0,0.3699,0.1335,0.5377,0.3739,0.0375,273.0,0.1124,-53.579998,46.2099991,9.1599998,2116.0,0.0,0b0000100001000100,0b00,VI produced with good quality,0b0001,Lower quality,0b01,Low,0b0,No,0b0,No,0b0,No,0b001,Land (Nothing else but land),0b0,No,0b0,No,0b00000000000000000000000000000000,0b00000000000000000000000000000000,"Good data, use with confidence"
40.1547789,-88.580707,2022-10-16,h11v04,2362.0,551.0,0.1202,0.2265,0.2069,0.2175,0.0698,301.0,0.1429,-57.7599983,55.4599991,3.6499999,2116.0,0.0,0b0000100001000100,0b00,VI produced with good quality,0b0001,Lower quality,0b01,Low,0b0,No,0b0,No,0b0,No,0b001,Land (Nothing else but land),0b0,No,0b0,No,0b00000000000000000000000000000000,0b00000000000000000000000000000000,"Good data, use with confidence"
40.1547789,-88.580707,2022-11-01,h11v04,2362.0,551.0,0.0964,0.2274,0.1846,0.178,0.0632,306.0,0.1225,116.3099976,56.4799995,14.6899996,2116.0,0.0,0b0000100001000100,0b00,VI produced with good quality,0b0001,Lower quality,0b01,Low,0b0,No,0b0,No,0b0,No,0b001,Land (Nothing else but land),0b0,No,0b0,No,0b00000000000000000000000000000000,0b00000000000000000000000000000000,"Good data, use with confidence"
40.1547789,-88.580707,2022-11-17,h11v04,2362.0,551.0,0.1068,0.2126,0.258,0.1343,0.0427,325.0,0.0792,117.4499969,61.7299995,10.71,2120.0,0.0,0b0000100001001000,0b00,VI produced with good quality,0b0010,Decreasing quality (0010),0b01,Low,0b0,No,0b0,No,0b0,No,0b001,Land (Nothing else but land),0b0,No,0b0,No,0b00000000000000000000000000000000,0b00000000000000000000000000000000,"Good data, use with confidence"
40.1547789,-88.580707,2022-12-03,h11v04,2362.0,551.0,0.1019,0.1967,0.2516,0.1338,0.0393,337.0,0.08,116.1699982,63.8699989,17.1499996,2120.0,0.0,0b0000100001001000,0b00,VI produced with good quality,0b0010,Decreasing quality (0010),0b01,Low,0b0,No,0b0,No,0b0,No,0b001,Land (Nothing else but land),0b0,No,0b0,No,0b00000000000000000000000000000000,0b00000000000000000000000000000000,"Good data, use with confidence"
40.1547789,-88.580707,2022-12-19,h11v04,2362.0,551.0,0.1539,0.171,0.2501,0.2464,0.0697,359.0,0.1478,117.9199982,64.5499954,47.7199974,35302.0,3.0,0b1000100111100110,0b10,"Pixel produced, but most probably cloudy",0b1001,Decreasing quality (1001),0b11,High,0b1,Yes,0b0,No,0b0,No,0b001,Land (Nothing else but land),0b0,No,0b1,Yes,0b00000000000000000000000000000011,0b00000000000000000000000000000011,"Cloudy data, Target not visible, covered with cloud"
40.1547789,-88.580707,2023-01-01,h11v04,2362.0,551.0,0.0853,0.1277,0.2526,0.1066,0.034,10.0,0.0636,123.659996,65.1399994,6.9099998,3158.0,3.0,0b0000110001010110,0b10,"Pixel produced, but most probably cloudy",0b0101,Decreasing quality (0101),0b01,Low,0b0,No,0b0,No,0b1,Yes,0b001,Land (Nothing else but land),0b0,No,0b0,No,0b00000000000000000000000000000011,0b00000000000000000000000000000011,"Cloudy data, Target not visible, covered with cloud"
40.1547789,-88.580707,2023-01-17,h11v04,2362.0,551.0,0.1101,0.2095,0.2445,0.1547,0.0511,31.0,0.0939,-51.3099976,63.0,28.0299988,3158.0,3.0,0b0000110001010110,0b10,"Pixel produced, but most probably cloudy",0b0101,Decreasing quality (0101),0b01,Low,0b0,No,0b0,No,0b1,Yes,0b001,Land (Nothing else but land),0b0,No,0b0,No,0b00000000000000000000000000000011,0b00000000000000000000000000000011,"Cloudy data, Target not visible, covered with cloud"
40.1547789,-88.580707,2023-02-02,h11v04,2362.0,551.0,0.1057,0.1718,0.2584,0.1334,0.0413,43.0,0.0786,-50.3099976,59.4899979,23.9699993,2116.0,0.0,0b0000100001000100,0b00,VI produced with good quality,0b0001,Lower quality,0b01,Low,0b0,No,0b0,No,0b0,No,0b001,Land (Nothing else but land),0b0,No,0b0,No,0b00000000000000000000000000000000,0b00000000000000000000000000000000,"Good data, use with confidence"
40.1547789,-88.580707,2023-02-18,h11v04,2362.0,551.0,0.1254,0.2735,0.2492,0.1754,0.0551,50.0,0.1054,-47.5200005,57.9799995,34.2799988,2116.0,0.0,0b0000100001000100,0b00,VI produced with good quality,0b0001,Lower quality,0b01,Low,0b0,No,0b0,No,0b0,No,0b001,Land (Nothing else but land),0b0,No,0b0,No,0b00000000000000000000000000000000,0b00000000000000000000000000000000,"Good data, use with confidence"
40.1547789,-88.580707,2023-03-06,h11v04,2362.0,551.0,0.133,0.3034,0.2468,0.197,0.0594,79.0,0.119,-42.6399994,46.0299988,13.5999994,2116.0,0.0,0b0000100001000100,0b00,VI produced with good quality,0b0001,Lower quality,0b01,Low,0b0,No,0b0,No,0b0,No,0b001,Land (Nothing else but land),0b0,No,0b0,No,0b00000000000000000000000000000000,0b00000000000000000000000000000000,"Good data, use with confidence"
40.1547789,-88.580707,2023-03-22,h11v04,2362.0,551.0,0.1551,0.3419,0.2618,0.2207,0.0692,93.0,0.1291,-40.5999985,42.579998,37.1100006,2185.0,1.0,0b0000100010001001,0b01,"VI produced, but check other QA",0b0010,Decreasing quality (0010),0b10,Average,0b0,No,0b0,No,0b0,No,0b001,Land (Nothing else but land),0b0,No,0b0,No,0b00000000000000000000000000000001,0b00000000000000000000000000000001,"Marginal data, Useful, but look at other QA information"
40.1547789,-88.580707,2023-04-07,h11v04,2362.0,551.0,0.1397,0.2797,0.307,0.1594,0.0435,108.0,0.0845,138.7799988,34.2199974,6.8199997,2116.0,0.0,0b0000100001000100,0b00,VI produced with good quality,0b0001,Lower quality,0b01,Low,0b0,No,0b0,No,0b0,No,0b001,Land (Nothing else but land),0b0,No,0b0,No,0b00000000000000000000000000000000,0b00000000000000000000000000000000,"Good data, use with confidence"
40.1547789,-88.580707,2023-04-23,h11v04,2362.0,551.0,0.1634,0.3603,0.2531,0.2359,0.0829,122.0,0.1406,-34.2199974,32.0900002,21.7799988,2116.0,0.0,0b0000100001000100,0b00,VI produced with good quality,0b0001,Lower quality,0b01,Low,0b0,No,0b0,No,0b0,No,0b001,Land (Nothing else but land),0b0,No,0b0,No,0b00000000000000000000000000000000,0b00000000000000000000000000000000,"Good data, use with confidence"
40.1547789,-88.580707,2023-05-09,h11v04,2362.0,551.0,0.163,0.195,0.3376,0.1741,0.0458,129.0,0.0862,-31.0699997,31.6099987,33.9899979,2116.0,0.0,0b0000100001000100,0b00,VI produced with good quality,0b0001,Lower quality,0b01,Low,0b0,No,0b0,No,0b0,No,0b001,Land (Nothing else but land),0b0,No,0b0,No,0b00000000000000000000000000000000,0b00000000000000000000000000000000,"Good data, use with confidence"
40.1547789,-88.580707,2023-05-25,h11v04,2362.0,551.0,0.3122,0.3112,0.4643,0.2985,0.0584,153.0,0.1092,-24.1599998,28.3599987,33.4199982,2116.0,0.0,0b0000100001000100,0b00,VI produced with good quality,0b0001,Lower quality,0b01,Low,0b0,No,0b0,No,0b0,No,0b001,Land (Nothing else but land),0b0,No,0b0,No,0b00000000000000000000000000000000,0b00000000000000000000000000000000,"Good data, use with confidence"
40.1547789,-88.580707,2023-06-10,h11v04,2362.0,551.0,0.6136,0.0886,0.8332,0.3991,0.0185,175.0,0.0363,-20.1099987,25.7799988,6.27,2116.0,0.0,0b0000100001000100,0b00,VI produced with good quality,0b0001,Lower quality,0b01,Low,0b0,No,0b0,No,0b0,No,0b001,Land (Nothing else but land),0b0,No,0b0,No,0b00000000000000000000000000000000,0b00000000000000000000000000000000,"Good data, use with confidence"
40.1547789,-88.580707,2023-06-26,h11v04,2362.0,551.0,0.7111,0.0543,0.9119,0.4428,0.0107,192.0,0.0204,154.8799896,26.1700001,8.0799999,2116.0,0.0,0b0000100001000100,0b00,VI produced with good quality,0b0001,Lower quality,0b01,Low,0b0,No,0b0,No,0b0,No,0b001,Land (Nothing else but land),0b0,No,0b0,No,0b00000000000000000000000000000000,0b00000000000000000000000000000000,"Good data, use with confidence"
40.1547789,-88.580707,2023-07-12,h11v04,2362.0,551.0,0.7702,0.0485,0.917,0.4995,0.0104,204.0,0.0216,149.0999908,28.039999,7.0099998,2185.0,1.0,0b0000100010001001,0b01,"VI produced, but check other QA",0b0010,Decreasing quality (0010),0b10,Average,0b0,No,0b0,No,0b0,No,0b001,Land (Nothing else but land),0b0,No,0b0,No,0b00000000000000000000000000000001,0b00000000000000000000000000000001,"Marginal data, Useful, but look at other QA information"
40.1547789,-88.580707,2023-07-28,h11v04,2362.0,551.0,0.7461,0.0463,0.9125,0.4701,0.0128,211.0,0.0215,-28.0699997,30.5499992,8.8800001,2116.0,0.0,0b0000100001000100,0b00,VI produced with good quality,0b0001,Lower quality,0b01,Low,0b0,No,0b0,No,0b0,No,0b001,Land (Nothing else but land),0b0,No,0b0,No,0b00000000000000000000000000000000,0b00000000000000000000000000000000,"Good data, use with confidence"
40.1547789,-88.580707,2023-08-13,h11v04,2362.0,551.0,0.7311,0.0479,0.9214,0.4599,0.0086,228.0,0.0188,139.2299957,33.1100006,6.0299997,2116.0,0.0,0b0000100001000100,0b00,VI produced with good quality,0b0001,Lower quality,0b01,Low,0b0,No,0b0,No,0b0,No,0b001,Land (Nothing else but land),0b0,No,0b0,No,0b00000000000000000000000000000000,0b00000000000000000000000000000000,"Good data, use with confidence"
40.1547789,-88.580707,2023-08-29,h11v04,2362.0,551.0,0.6373,0.0542,0.84,0.4141,0.0196,245.0,0.036,136.4400024,36.8499985,19.6000004,2116.0,0.0,0b0000100001000100,0b00,VI produced with good quality,0b0001,Lower quality,0b01,Low,0b0,No,0b0,No,0b0,No,0b001,Land (Nothing else but land),0b0,No,0b0,No,0b00000000000000000000000000000000,0b00000000000000000000000000000000,"Good data, use with confidence"
40.1547789,-88.580707,2023-09-14,h11v04,2362.0,551.0,0.3644,0.1002,0.6154,0.2815,0.0283,257.0,0.067,132.6100006,40.6800003,18.5,2116.0,0.0,0b0000100001000100,0b00,VI produced with good quality,0b0001,Lower quality,0b01,Low,0b0,No,0b0,No,0b0,No,0b001,Land (Nothing else but land),0b0,No,0b0,No,0b00000000000000000000000000000000,0b00000000000000000000000000000000,"Good data, use with confidence"
40.1547789,-88.580707,2023-09-30,h11v04,2362.0,551.0,0.1439,0.1822,0.3037,0.1691,0.0456,276.0,0.0903,91.8699951,47.8899994,1.0699999,2116.0,0.0,0b0000100001000100,0b00,VI produced with good quality,0b0001,Lower quality,0b01,Low,0b0,No,0b0,No,0b0,No,0b001,Land (Nothing else but land),0b0,No,0b0,No,0b00000000000000000000000000000000,0b00000000000000000000000000000000,"Good data, use with confidence"
40.1547789,-88.580707,2023-10-16,h11v04,2362.0,551.0,0.1407,0.2913,0.2607,0.1893,0.0619,297.0,0.111,-52.9300003,57.25,42.6699982,2120.0,0.0,0b0000100001001000,0b00,VI produced with good quality,0b0010,Decreasing quality (0010),0b01,Low,0b0,No,0b0,No,0b0,No,0b001,Land (Nothing else but land),0b0,No,0b0,No,0b00000000000000000000000000000000,0b00000000000000000000000000000000,"Good data, use with confidence"
40.1547789,-88.580707,2023-11-01,h11v04,2362.0,551.0,0.1242,0.2228,0.2735,0.1548,0.0462,317.0,0.0883,115.1899948,60.7399979,5.6799998,2120.0,0.0,0b0000100001001000,0b00,VI produced with good quality,0b0010,Decreasing quality (0010),0b01,Low,0b0,No,0b0,No,0b0,No,0b001,Land (Nothing else but land),0b0,No,0b0,No,0b00000000000000000000000000000000,0b00000000000000000000000000000000,"Good data, use with confidence"
40.1547789,-88.580707,2023-11-17,h11v04,2362.0,551.0,0.1114,0.2089,0.2674,0.1405,0.0397,322.0,0.0812,120.8099976,61.5599976,18.6900005,2120.0,0.0,0b0000100001001000,0b00,VI produced with good quality,0b0010,Decreasing quality (0010),0b01,Low,0b0,No,0b0,No,0b0,No,0b001,Land (Nothing else but land),0b0,No,0b0,No,0b00000000000000000000000000000000,0b00000000000000000000000000000000,"Good data, use with confidence"
40.1547789,-88.580707,2023-12-03,h11v04,2362.0,551.0,0.092,0.1449,0.2749,0.1027,0.0333,346.0,0.0584,120.3600006,66.1800003,9.8899994,2120.0,0.0,0b0000100001001000,0b00,VI produced with good quality,0b0010,Decreasing quality (0010),0b01,Low,0b0,No,0b0,No,0b0,No,0b001,Land (Nothing else but land),0b0,No,0b0,No,0b00000000000000000000000000000000,0b00000000000000000000000000000000,"Good data, use with confidence"
40.1547789,-88.580707,2023-12-19,h11v04,2362.0,551.0,0.113,0.1754,0.2998,0.1244,0.0343,354.0,0.067,121.1499939,64.9700012,51.6399994,2265.0,1.0,0b0000100011011001,0b01,"VI produced, but check other QA",0b0110,Decreasing quality (0110),0b11,High,0b0,No,0b0,No,0b0,No,0b001,Land (Nothing else but land),0b0,No,0b0,No,0b00000000000000000000000000000001,0b00000000000000000000000000000001,"Marginal data, Useful, but look at other QA information"
40.1547789,-88.580707,2024-01-01,h11v04,2362.0,551.0,0.111,0.0717,0.6428,0.0621,0.005,11.0,0.0135,123.409996,63.4199982,59.7599983,36338.0,3.0,0b1000110111110010,0b10,"Pixel produced, but most probably cloudy",0b1100,Lowest quality,0b11,High,0b1,Yes,0b0,No,0b1,Yes,0b001,Land (Nothing else but land),0b0,No,0b1,Yes,0b00000000000000000000000000000011,0b00000000000000000000000000000011,"Cloudy data, Target not visible, covered with cloud"
40.1547789,-88.580707,2024-01-17,h11v04,2362.0,551.0,0.0279,0.0959,0.0477,0.2007,0.1707,32.0,0.1824,128.5200043,61.3999977,28.5999985,2066.0,3.0,0b0000100000010010,0b10,"Pixel produced, but most probably cloudy",0b0100,Decreasing quality (0100),0b00,Climatology,0b0,No,0b0,No,0b0,No,0b001,Land (Nothing else but land),0b0,No,0b0,No,0b00000000000000000000000000000011,0b00000000000000000000000000000011,"Cloudy data, Target not visible, covered with cloud"
40.1547789,-88.580707,2024-02-02,h11v04,2362.0,551.0,0.1304,0.2752,0.2514,0.1896,0.0546,43.0,0.1134,-44.8400002,62.9899979,44.3199997,2124.0,0.0,0b0000100001001100,0b00,VI produced with good quality,0b0011,Decreasing quality (0011),0b01,Low,0b0,No,0b0,No,0b0,No,0b001,Land (Nothing else but land),0b0,No,0b0,No,0b00000000000000000000000000000000,0b00000000000000000000000000000000,"Good data, use with confidence"
40.1547789,-88.580707,2024-02-18,h11v04,2362.0,551.0,0.1253,0.2746,0.254,0.1708,0.0534,63.0,0.1016,-37.1899986,53.3699989,3.1199999,2116.0,0.0,0b0000100001000100,0b00,VI produced with good quality,0b0001,Lower quality,0b01,Low,0b0,No,0b0,No,0b0,No,0b001,Land (Nothing else but land),0b0,No,0b0,No,0b00000000000000000000000000000000,0b00000000000000000000000000000000,"Good data, use with confidence"
40.1547789,-88.580707,2024-03-05,h11v04,2362.0,551.0,0.1222,0.2183,0.25,0.1692,0.0525,70.0,0.1015,-41.6800003,52.0399971,21.9599991,2116.0,0.0,0b0000100001000100,0b00,VI produced with good quality,0b0001,Lower quality,0b01,Low,0b0,No,0b0,No,0b0,No,0b001,Land (Nothing else but land),0b0,No,0b0,No,0b00000000000000000000000000000000,0b00000000000000000000000000000000,"Good data, use with confidence"
40.1547789,-88.580707,2024-03-21,h11v04,2362.0,551.0,0.1768,0.4243,0.2539,0.2807,0.09,89.0,0.167,-34.8099976,47.0699997,42.8699989,2120.0,0.0,0b0000100001001000,0b00,VI produced with good quality,0b0010,Decreasing quality (0010),0b01,Low,0b0,No,0b0,No,0b0,No,0b001,Land (Nothing else but land),0b0,No,0b0,No,0b00000000000000000000000000000000,0b00000000000000000000000000000000,"Good data, use with confidence"
40.1547789,-88.580707,2024-04-06,h11v04,2362.0,551.0,0.1781,0.4309,0.2667,0.2669,0.0822,111.0,0.1545,-29.9200001,38.6899986,32.4899979,2116.0,0.0,0b0000100001000100,0b00,VI produced with good quality,0b0001,Lower quality,0b01,Low,0b0,No,0b0,No,0b0,No,0b001,Land (Nothing else but land),0b0,No,0b0,No,0b00000000000000000000000000000000,0b00000000000000000000000000000000,"Good data, use with confidence"
40.1547789,-88.580707,2024-04-22,h11v04,2362.0,551.0,0.1329,0.2094,0.2962,0.1538,0.0444,121.0,0.0835,-30.4899998,34.2000008,12.4899998,2116.0,0.0,0b0000100001000100,0b00,VI produced with good quality,0b0001,Lower quality,0b01,Low,0b0,No,0b0,No,0b0,No,0b001,Land (Nothing else but land),0b0,No,0b0,No,0b00000000000000000000000000000000,0b00000000000000000000000000000000,"Good data, use with confidence"
40.1547789,-88.580707,2024-05-08,h11v04,2362.0,551.0,0.1594,0.3344,0.2906,0.2038,0.0582,143.0,0.112,-23.9200001,29.1599998,0.84,2116.0,0.0,0b0000100001000100,0b00,VI produced with good quality,0b0001,Lower quality,0b01,Low,0b0,No,0b0,No,0b0,No,0b001,Land (Nothing else but land),0b0,No,0b0,No,0b00000000000000000000000000000000,0b00000000000000000000000000000000,"Good data, use with confidence"
40.1547789,-88.580707,2024-05-24,h11v04,2362.0,551.0,0.1231,0.1498,0.3474,0.1177,0.0303,146.0,0.057,151.8499908,25.3899994,37.2999992,2116.0,0.0,0b0000100001000100,0b00,VI produced with good quality,0b0001,Lower quality,0b01,Low,0b0,No,0b0,No,0b0,No,0b001,Land (Nothing else but land),0b0,No,0b0,No,0b00000000000000000000000000000000,0b00000000000000000000000000000000,"Good data, use with confidence"
40.1547789,-88.580707,2024-06-09,h11v04,2362.0,551.0,0.2957,0.2917,0.4594,0.28,0.0549,170.0,0.1037,158.5,26.4099998,18.5100002,2116.0,0.0,0b0000100001000100,0b00,VI produced with good quality,0b0001,Lower quality,0b01,Low,0b0,No,0b0,No,0b0,No,0b001,Land (Nothing else but land),0b0,No,0b0,No,0b00000000000000000000000000000000,0b00000000000000000000000000000000,"Good data, use with confidence"
40.1547789,-88.580707,2024-06-25,h11v04,2362.0,551.0,0.5167,0.1629,0.7232,0.3642,0.0315,189.0,0.0585,-15.8399992,31.0100002,16.1199989,2116.0,0.0,0b0000100001000100,0b00,VI produced with good quality,0b0001,Lower quality,0b01,Low,0b0,No,0b0,No,0b0,No,0b001,Land (Nothing else but land),0b0,No,0b0,No,0b00000000000000000000000000000000,0b00000000000000000000000000000000,"Good data, use with confidence"
40.1547789,-88.580707,2024-07-11,h11v04,2362.0,551.0,0.6833,0.0732,0.8997,0.4245,0.0117,199.0,0.0224,160.3600006,30.539999,3.48,2116.0,0.0,0b0000100001000100,0b00,VI produced with good quality,0b0001,Lower quality,0b01,Low,0b0,No,0b0,No,0b0,No,0b001,Land (Nothing else but land),0b0,No,0b0,No,0b00000000000000000000000000000000,0b00000000000000000000000000000000,"Good data, use with confidence"
40.1547789,-88.580707,2024-07-27,h11v04,2362.0,551.0,0.6309,0.1007,0.8216,0.427,0.0202,216.0,0.0418,-15.7999992,33.7999992,0.68,2116.0,0.0,0b0000100001000100,0b00,VI produced with good quality,0b0001,Lower quality,0b01,Low,0b0,No,0b0,No,0b0,No,0b001,Land (Nothing else but land),0b0,No,0b0,No,0b00000000000000000000000000000000,0b00000000000000000000000000000000,"Good data, use with confidence"
40.1547789,-88.580707,2024-08-12,h11v04,2362.0,551.0,0.772,0.0946,0.8784,0.5223,0.0191,238.0,0.0338,149.8300018,38.5,2.5699999,2116.0,0.0,0b0000100001000100,0b00,VI produced with good quality,0b0001,Lower quality,0b01,Low,0b0,No,0b0,No,0b0,No,0b001,Land (Nothing else but land),0b0,No,0b0,No,0b00000000000000000000000000000000,0b00000000000000000000000000000000,"Good data, use with confidence"
40.1547789,-88.580707,2024-08-28,h11v04,2362.0,551.0,0.6297,0.1222,0.7591,0.4478,0.0375,255.0,0.0613,-32.2199974,43.7099991,5.3800001,2116.0,0.0,0b0000100001000100,0b00,VI produced with good quality,0b0001,Lower quality,0b01,Low,0b0,No,0b0,No,0b0,No,0b001,Land (Nothing else but land),0b0,No,0b0,No,0b00000000000000000000000000000000,0b00000000000000000000000000000000,"Good data, use with confidence"
40.1547789,-88.580707,2024-09-13,h11v04,2362.0,551.0,0.4876,0.093,0.6564,0.3775,0.0418,260.0,0.0783,137.6999969,44.6599998,2.9399998,2116.0,0.0,0b0000100001000100,0b00,VI produced with good quality,0b0001,Lower quality,0b01,Low,0b0,No,0b0,No,0b0,No,0b001,Land (Nothing else but land),0b0,No,0b0,No,0b00000000000000000000000000000000,0b00000000000000000000000000000000,"Good data, use with confidence"
